,이름,주소,구,위도,경도,브랜드
0,역삼아레나빌딩,서울특별시 강남구 언주로 425 (역삼동)1522-3232,강남구,37.501087,127.043069,스타벅스
1,논현역사거리,서울특별시 강남구 강남대로 538 (논현동)1522-3232,강남구,37.510178,127.022223,스타벅스
2,신사역성일빌딩,서울특별시 강남구 강남대로 584 (논현동)1522-3232,강남구,37.5139309,127.0206057,스타벅스
3,국기원사거리,서울특별시 강남구 테헤란로 125 (역삼동)1522-3232,강남구,37.499517,127.031495,스타벅스
4,대치재경빌딩R,서울특별시 강남구 남부순환로 2947 (대치동)1522-3232,강남구,37.494668,127.062583,스타벅스
5,봉은사역,서울특별시 강남구 봉은사로 619 (삼성동)1522-3232,강남구,37.515000,127.063196,스타벅스
6,압구정윤성빌딩,서울특별시 강남구 논현로 834 (신사동)1522-3232,강남구,37.5227934,127.0286009,스타벅스
7,코엑스별마당,서울특별시 강남구 영동대로 513 (삼성동)1522-3232,강남구,37.510150,127.060275,스타벅스
8,삼성역섬유센터R,서울특별시 강남구 테헤란로 518 (대치동)1522-3232,강남구,37.507750,127.060651,스타벅스
9,압구정R,서울특별시 강남구 언주로 861 (신사동)1522-3232,강남구,37.5273669,127.033061,스타벅스
10,수서역R,서울특별시 강남구 광평로 281 (수서동)1522-3232,강남구,37.488008,127.102650,스타벅스
11,양재강남빌딩R,서울특별시 강남구 남부순환로 2621 (도곡동)1522-3232,강남구,37.485192,127.036685,스타벅스
12,선릉동신빌딩R,서울특별시 강남구 테헤란로 409 (삼성동)1522-3232,강남구,37.505321,127.050409,스타벅스
13,봉은사로선정릉,서울특별시 강남구 봉은사로 446 (삼성동)1522-3232,강남구,37.511293,127.048409,스타벅스
14,강남오거리,서울특별시 강남구 봉은사로2길 39 (역삼동)1522-3232,강남구,37.502117,127.026672,스타벅스
15,스타필드코엑스몰R,서울특별시 강남구 영동대로 513 (삼성동) 코엑스 A106호1522-3232,강남구,37.50999,127.061455,스타벅스
16,강남구청정문,서울특별시 강남구 학동로 419 (청담동)1522-3232,강남구,37.518181,127.045995,스타벅스
17,도곡공원,서울특별시 강남구 도곡로 205 (역삼동)1522-3232,강남구,37.492805,127.041309,스타벅스
18,강남R,서울특별시 강남구 강남대로 390 (역삼동)1522-3232,강남구,37.497711,127.028439,스타벅스
19,대치은마사거리,서울특별시 강남구 도곡로 457 (대치동)1522-3232,강남구,37.498973,127.060172,스타벅스
20,청담영동대로,서울특별시 강남구 영동대로 720 (청담동)1522-3232,강남구,37.522156,127.056449,스타벅스
21,압구정,서울특별시 강남구 압구정로30길 17 (신사동)1522-3232,강남구,37.526283,127.02956,스타벅스
22,신사가로수,서울특별시 강남구 가로수길 59 1522-3232,강남구,37.521933,127.022521,스타벅스
23,청담스타R,서울특별시 강남구 도산대로57길 24 (청담동)1522-3232,강남구,37.525216,127.041827,스타벅스
24,강남우성,서울특별시 강남구 강남대로 328 (역삼동)1522-3232,강남구,37.492396,127.030910,스타벅스
25,학동사거리,서울특별시 강남구 도산대로 328 (논현동)1522-3232,강남구,37.52236449999999,127.03795430000002,스타벅스
26,대치사거리,서울특별시 강남구 삼성로 402 (대치동)1522-3232,강남구,37.503331,127.058817,스타벅스
27,포스코사거리,서울특별시 강남구 테헤란로 505 (삼성동) 화진빌딩1522-3232,강남구,37.5075307,127.05742710000004,스타벅스
28,을지병원사거리,"서울특별시 강남구 논현로 752 (논현동,구산빌딩)1522-3232",강남구,37.5191632,127.0286446,스타벅스
29,신사역,서울특별시 강남구 도산대로 108 (논현동) 렉스타워1522-3232,강남구,37.5162021,127.0207428,스타벅스
30,도곡역,서울특별시 강남구 남부순환로 2909 (대치동)1522-3232,강남구,37.492167,127.057398,스타벅스
31,서울세관사거리,서울특별시 강남구 언주로 650 (논현동) 한국건설기술인협회1522-3232,강남구,37.514887,127.035653,스타벅스
32,청담사거리,서울특별시 강남구 도산대로 458 (청담동) 리츠타워1522-3232,강남구,37.5236351,127.04686509999999,스타벅스
33,한티역,"서울특별시 강남구 도곡로 408, 디마크빌딩 101호 (대치동)1522-3232",강남구,37.496801,127.055055,스타벅스
34,역삼초교사거리,서울특별시 강남구 역삼로 123 (역삼동)1522-3232,강남구,37.4941059,127.03299730000003,스타벅스
35,코엑스몰,서울특별시 강남구 영동대로 513 (삼성동) O103호1522-3232,강남구,37.513715,127.059245,스타벅스
36,가로수길,"서울특별시 강남구 논현로175길 94, 1~2층 (신사동)1522-3232",강남구,37.5231593,127.02162499999997,스타벅스
37,역삼대로,"서울특별시 강남구 테헤란로 211, 한국고등교육재단빌딩 1층 (역삼동)1522-3232",강남구,37.501623,127.039375,스타벅스
38,역삼포스코,"서울특별시 강남구 테헤란로 134, P&S TOWER (역삼동)1522-3232",강남구,37.499721,127.033582,스타벅스
39,강남대로,"서울특별시 강남구 강남대로 456, 한석타워 2층 1-2호 (역삼동)1522-3232",강남구,37.50314,127.025546,스타벅스
40,청담,"서울특별시 강남구 도산대로 532, 인희빌딩 1층 (청담동)1522-3232",강남구,37.5243631,127.05155990000003,스타벅스
41,삼성도심공항,서울특별시 강남구 테헤란로87길 33 (삼성동)1522-3232,강남구,37.5097863,127.05791339999996,스타벅스
42,삼성교,"서울특별시 강남구 영동대로86길 12, 동남유화빌딩 1층1522-3232",강남구,37.507794,127.06517,스타벅스
43,학동역,서울특별시 강남구 논현로 704 (논현동)1522-3232,강남구,37.51464884,127.0307302,스타벅스
44,대치,서울특별시 강남구 도곡로 511 (대치동)1522-3232,강남구,37.49966175,127.0622171,스타벅스
45,SSG마켓도곡R,"서울특별시 강남구 언주로30길 57, 타워팰리스Ⅱ F 지하1층 (도곡동)1522-3232",강남구,37.490298,127.054895,스타벅스
46,삼성,"서울특별시 강남구 테헤란로 443, 애플트리타워 1층 (삼성동)1522-3232",강남구,37.50703529,127.0555503,스타벅스
47,선릉세화빌딩,서울특별시 강남구 테헤란로64길 18 (대치동) 1층1522-3232,강남구,37.50377562,127.051196,스타벅스
48,압구정역,"서울특별시 강남구 압구정로 170, 관영빌딩 1층 지하1층 (신사동)1522-3232",강남구,37.52674095,127.0281105,스타벅스
49,압구정로,서울특별시 강남구 압구정로42길 32 (신사동)1522-3232,강남구,37.52680046,127.0347174,스타벅스
50,구역삼사거리,서울특별시 강남구 논현로 401 (역삼동)1522-3232,강남구,37.49592355,127.0388645,스타벅스
51,큰길타워,"서울특별시 강남구 테헤란로 223, 큰길타워빌딩 (역삼동)1522-3232",강남구,37.50236693,127.0407,스타벅스
52,강남구청역,"서울특별시 강남구 선릉로 669, 웰빙센터 1층 (논현동)1522-3232",강남구,37.5165849,127.04124330000002,스타벅스
53,대치역,서울특별시 강남구 남부순환로 2936 (대치동) 107호1522-3232,강남구,37.493554,127.061874,스타벅스
54,포이,서울특별시 강남구 논현로 88 (개포동)1522-3232,강남구,37.47781106,127.0451411,스타벅스
55,아크플레이스,서울특별시 강남구 테헤란로 142 (역삼동)1522-3232,강남구,37.49971982,127.0349084,스타벅스
56,학여울역,서울특별시 강남구 영동대로 215 (대치동)1522-3232,강남구,37.49803646,127.0684943,스타벅스
57,선정릉역,서울특별시 강남구 봉은사로 407 (삼성동) 에프오빌딩1522-3232,강남구,37.51075489999999,127.04455970000003,스타벅스
58,삼성현대힐,서울특별시 강남구 삼성로 605 (삼성동)1522-3232,강남구,37.51354184,127.0527183,스타벅스
59,GS타워,서울특별시 강남구 논현로 508 (역삼동)1522-3232,강남구,37.5018592,127.03727759999992,스타벅스
60,압구정미소,서울특별시 강남구 논현로 841 (신사동)1522-3232,강남구,37.52405601,127.027915,스타벅스
61,선릉역,"서울특별시 강남구 테헤란로 334, LG화재 빌딩 (역삼동)1522-3232",강남구,37.50393894,127.0485135,스타벅스
62,코엑스사거리,서울특별시 강남구 영동대로 616 (삼성동)1522-3232,강남구,37.515351,127.060109,스타벅스
63,역삼럭키,서울특별시 강남구 도곡로 183 (역삼동)1522-3232,강남구,37.492209,127.039389,스타벅스
64,차병원사거리,"서울특별시 강남구 봉은사로 213, 센트럴타워 (논현동)1522-3232",강남구,37.508032,127.035373,스타벅스
65,청담공원,서울특별시 강남구 학동로 506 (삼성동)1522-3232,강남구,37.5186549,127.05143870000006,스타벅스
66,신압구정,서울특별시 강남구 언주로174길 29 (신사동)1522-3232,강남구,37.528115,127.036441,스타벅스
67,아크로힐스논현,"서울특별시 강남구 봉은사로 304, 금강빌딩 1-2층 (역삼동)1522-3232",강남구,37.50898041,127.0403869,스타벅스
68,강남비젼타워,"서울특별시 강남구 테헤란로2길 27, 1층 101호 (역삼동)1522-3232",강남구,37.4964557,127.02968850000002,스타벅스
69,역삼역,"서울특별시 강남구 테헤란로 145, 우신빌딩 1층 (역삼동)1522-3232",강남구,37.50080096,127.0351577,스타벅스
70,압구정로데오역,"서울특별시 강남구 선릉로 836, 삼원빌딩 1,2층 (청담동)1522-3232",강남구,37.526549,127.040437,스타벅스
71,르네상스사거리,서울특별시 강남구 테헤란로 306 (역삼동)1522-3232,강남구,37.502721,127.044308,스타벅스
72,포스코,"서울특별시 강남구 삼성로86길 7, 1층 (대치동)1522-3232",강남구,37.50576,127.057966,스타벅스
73,선릉로,"서울특별시 강남구 선릉로93길 22, 대흥빌딩 1층 (역삼동)1522-3232",강남구,37.505053,127.046577,스타벅스
74,논현힐탑,서울특별시 강남구 논현로 648 (논현동)1522-3232,강남구,37.5115577,127.03226199999994,스타벅스
75,도산가로수길,"서울특별시 강남구 도산대로 134, 2층 (논현동)1522-3232",강남구,37.51736229999999,127.02329570000006,스타벅스
76,대치한티,서울특별시 강남구 선릉로 324 (대치동)1522-3232,강남구,37.4984818,127.052066,스타벅스
77,수서역사거리,서울특별시 강남구 광평로 280 (수서동)1522-3232,강남구,37.4873267937748,127.103140081887,스타벅스
78,코엑스아셈타워,서울특별시 강남구 영동대로 517 (삼성동)1522-3232,강남구,37.513019,127.059838,스타벅스
79,센터필드R,서울특별시 강남구 테헤란로 231 (역삼동)1522-3232,강남구,37.50369465391196,127.04172081609172,스타벅스
80,도산사거리,서울특별시 강남구 언주로 727 (논현동)1522-3232,강남구,37.51966,127.0341,스타벅스
81,강남세곡,서울특별시 강남구 헌릉로569길 18 (세곡동)1522-3232,강남구,37.467274319644,127.099929726,스타벅스
82,대치삼성프라자,서울특별시 강남구 영동대로 237 (대치동)1522-3232,강남구,37.500313,127.066961,스타벅스
83,강남역신분당역사,서울특별시 강남구 강남대로 396 (역삼동)1522-3232,강남구,37.4970572543978,127.028180714381,스타벅스
84,삼성역,서울특별시 강남구 테헤란로 620 (대치동)1522-3232,강남구,37.509206962541256,127.06560851480327,스타벅스
85,테헤란로아남타워,서울특별시 강남구 테헤란로 311 (역삼동)1522-3232,강남구,37.50383,127.04487,스타벅스
86,강남논현,서울특별시 강남구 강남대로 512 (논현동)1522-3232,강남구,37.5078978596254,127.023338614644,스타벅스
87,삼성동,서울특별시 강남구 영동대로96길 12 (삼성동)1522-3232,강남구,37.510843366121534,127.06363342044263,스타벅스
88,역삼이마트,서울특별시 강남구 역삼로 310 (역삼동)1522-3232,강남구,37.499367,127.048425,스타벅스
89,미아뉴타운,서울특별시 강북구 삼양로 161 (미아동)1522-3232,강북구,37.618319,127.021072,스타벅스
90,강북구청사거리,서울특별시 강북구 도봉로 365 (수유동)1522-3232,강북구,37.6400354,127.0273766,스타벅스
91,미아사거리역,서울특별시 강북구 도봉로 32 (미아동)1522-3232,강북구,37.611809,127.0306971,스타벅스
92,수유역,서울특별시 강북구 도봉로 342 (번동)1522-3232,강북구,37.6380167,127.02613500000007,스타벅스
93,미아역,서울특별시 강북구 도봉로 196 (미아동)1522-3232,강북구,37.626148,127.026578,스타벅스
94,파라스파라서울,서울특별시 강북구 삼양로 689 (우이동) 파라스파라서울 지하1층1522-3232,강북구,37.664380074618,127.008566467101,스타벅스
95,발산역사거리,서울특별시 강서구 공항대로 248 (마곡동)1522-3232,강서구,37.558509,126.835096,스타벅스
96,마곡역,서울특별시 강서구 공항대로 168 (마곡동)1522-3232,강서구,37.559611,126.826298,스타벅스
97,우장산역,서울특별시 강서구 강서로 267 (내발산동)1522-3232,강서구,37.549501,126.835984,스타벅스
98,마곡사이언스타워R,서울특별시 강서구 마곡동로 62 (마곡동)1522-3232,강서구,37.5605261,126.833887,스타벅스
99,방화DT,서울특별시 강서구 방화대로 375 (방화동)1522-3232,강서구,37.574339,126.816415,스타벅스
100,마곡나루역,서울특별시 강서구 마곡중앙로 161-17 (마곡동)1522-3232,강서구,37.56813,126.82614,스타벅스
101,마곡GMG,"서울특별시 강서구 마곡중앙6로 16 (마곡동) 117,118,119,120호1522-3232",강서구,37.560487,126.829667,스타벅스
102,가양역,서울특별시 강서구 양천로 476 (등촌동)1522-3232,강서구,37.561640,126.853327,스타벅스
103,화곡DT,서울특별시 강서구 등촌로 57 (화곡동)1522-3232,강서구,37.535149,126.863232,스타벅스
104,양천향교역,서울특별시 강서구 강서로 463 (마곡동)1522-3232,강서구,37.566964,126.840731,스타벅스
105,화곡동,서울특별시 강서구 화곡로 142(화곡동)1522-3232,강서구,37.5405115,126.8372413,스타벅스
106,등촌,서울특별시 강서구 공항대로 329 (등촌동)1522-3232,강서구,37.5582043,126.84433919999992,스타벅스
107,염창역,서울특별시 강서구 공항대로 627 (염창동)1522-3232,강서구,37.547359,126.874436,스타벅스
108,발산역,서울특별시 강서구 강서로 388 (등촌동) 그랜드마트1522-3232,강서구,37.56033,126.839279,스타벅스
109,까치산역,서울특별시 강서구 강서로13길 3 (화곡동)1522-3232,강서구,37.532303,126.846077,스타벅스
110,화곡역8번출구,"서울특별시 강서구 강서로 179 (화곡동), 1층 일부1522-3232",강서구,37.542514,126.839062,스타벅스
111,강서우장산,"서울특별시 강서구 강서로 231 (화곡동, 우장산역 해링턴 타워), 116/117/118/119/120호1522-3232",강서구,37.546305,126.835923,스타벅스
112,등촌대로,"서울특별시 강서구 공항대로 543 (염창동, 센터스퀘어)1522-3232",강서구,37.55101,126.86638,스타벅스
113,가양역사거리,"서울특별시 강서구 화곡로 416 (등촌동) 가양더스카이벨리5차 지식산업센터 101, 102, 114,~117호1522-3232",강서구,37.56007,126.855372,스타벅스
114,내발산,"서울특별시 강서구 강서로 323 (내발산동), 101/102호1522-3232",강서구,37.55467,126.83672,스타벅스
115,마곡웰튼,"서울특별시 강서구 마곡중앙5로 22 (마곡동), 104/105/106호1522-3232",강서구,37.56754,126.82553,스타벅스
116,김포공항DT,서울특별시 강서구 개화동로 517 (방화동)1522-3232,강서구,37.566396,126.80608,스타벅스
117,강서NC,서울특별시 강서구 강서로56길 17 (등촌동)1522-3232,강서구,37.560088,126.840534,스타벅스
118,마곡나루공원,서울특별시 강서구 마곡중앙5로 47 (마곡동)1522-3232,강서구,37.567007,126.822246,스타벅스
119,강서구청사거리,서울특별시 강서구 화곡로 350 (화곡동)1522-3232,강서구,37.5549266,126.8523133,스타벅스
120,낙성대역,서울특별시 관악구 남부순환로 1908 (봉천동)1522-3232,관악구,37.477946,126.961193,스타벅스
121,관악서울대입구R,서울특별시 관악구 관악로 158 (봉천동)1522-3232,관악구,37.479343,126.95278,스타벅스
122,신림DT,서울특별시 관악구 남부순환로 1419 (신림동)1522-3232,관악구,37.480935,126.908407,스타벅스
123,서울대역,서울특별시 관악구 남부순환로 1817 (봉천동)1522-3232,관악구,37.481599,126.952200,스타벅스
124,낙성대DT,서울특별시 관악구 남부순환로 1948 (봉천동)1522-3232,관악구,37.476169,126.965005,스타벅스
125,사당,서울특별시 관악구 남부순환로 2082-251522-3232,관악구,37.47601,126.980997,스타벅스
126,보라매대교,서울특별시 관악구 보라매로3길 23 (봉천동) 1층1522-3232,관악구,37.491449,126.925432,스타벅스
127,신림사거리,서울특별시 관악구 남부순환로 1619 (신림동)1522-3232,관악구,37.484768,126.930467,스타벅스
128,신림,서울특별시 관악구 신림로 355-1 (신림동)1522-3232,관악구,37.48609493,126.9291602,스타벅스
129,신림타임스트림,서울특별시 관악구 신림로 330 타임스트림 1층1522-3232,관악구,37.48385383,126.9301799,스타벅스
130,서울대입구역,서울특별시 관악구 남부순환로 1812 (봉천동)1522-3232,관악구,37.48118,126.951324,스타벅스
131,봉천역,서울특별시 관악구 남부순환로 1730 (봉천동)1522-3232,관악구,37.4820375340064,126.942287792538,스타벅스
132,건국대,서울특별시 광진구 능동로 117 (화양동)1522-3232,광진구,37.5415592,127.0711244,스타벅스
133,어린이대공원역,서울특별시 광진구 능동로 243 (군자동)1522-3232,광진구,37.551946,127.076404,스타벅스
134,아차산역,서울특별시 광진구 천호대로 676 (구의동)1522-3232,광진구,37.5505388,127.0898757,스타벅스
135,올림픽대교북단,서울특별시 광진구 광나루로 608 (구의동)1522-3232,광진구,37.541129,127.095240,스타벅스
136,구의DT,서울특별시 광진구 광나루로 519 (구의동)1522-3232,광진구,37.5451984,127.0871587,스타벅스
137,자양사거리,서울특별시 광진구 아차산로 3551522-3232,광진구,37.5371158,127.0825821,스타벅스
138,군자역,서울특별시 광진구 천호대로 548 (군자동) 중앙빌딩1522-3232,광진구,37.556965,127.079032,스타벅스
139,광나루,"서울특별시 광진구 아차산로 607, 1,2층 (광장동)1522-3232",광진구,37.547442,127.105934,스타벅스
140,건대스타시티,서울특별시 광진구 아차산로 262 (자양동)1522-3232,광진구,37.538544,127.073009,스타벅스
141,자양,서울특별시 광진구 능동로 50 (자양동)1522-3232,광진구,37.5354769,127.06914619999998,스타벅스
142,건대입구,서울특별시 광진구 능동로 107 (화양동)1522-3232,광진구,37.5406604,127.07072249999999,스타벅스
143,구의역,서울특별시 광진구 아차산로 373 (구의동)1522-3232,광진구,37.53698,127.084015,스타벅스
144,광장,서울특별시 광진구 아차산로 537-17 (광장동)1522-3232,광진구,37.542518,127.099651,스타벅스
145,건국클래식,서울특별시 광진구 능동로 90 (자양동) 더 클래식5001522-3232,광진구,37.538466,127.071271,스타벅스
146,건대후문,서울특별시 광진구 능동로 172 (화양동)1522-3232,광진구,37.5460180138476,127.074001181744,스타벅스
147,중곡역,"서울특별시 광진구 능동로 400 (중곡동) 1층 108,109,110,111,112,118 6개호실1522-3232",광진구,37.5650109508732,127.08459679908,스타벅스
148,자양이마트,서울특별시 광진구 아차산로 272 (자양동) 지하1층1522-3232,광진구,37.537817,127.072597,스타벅스
149,뚝섬유원지역,"서울특별시 광진구 능동로 18 (자양동, 이튼타워리버3차)1522-3232",광진구,37.532684640479,127.067878503557,스타벅스
150,군자사거리,서울특별시 광진구 천호대로 549 (중곡동) 1층1522-3232,광진구,37.5575666,127.0793340,스타벅스
151,금천구청역,"서울특별시 금천구 시흥대로73길 67 (시흥동)112,113,114,115호1522-3232",금천구,37.455983,126.895727,스타벅스
152,가산에스케이,서울특별시 금천구 가산디지털1로 171 (가산동)1522-3232,금천구,37.48061318,126.8805702,스타벅스
153,독산사거리,서울특별시 금천구 시흥대로 426 (독산동)1522-3232,금천구,37.471528328745485,126.89856062315228,스타벅스
154,금천시흥,서울특별시 금천구 시흥대로 164 (시흥동)1522-3232,금천구,37.448624,126.903183,스타벅스
155,가산디지털단지역,서울특별시 금천구 벚꽃로 298 (가산동)1522-3232,금천구,37.481324,126.883779,스타벅스
156,금천독산,서울특별시 금천구 두산로 70 (독산동)1522-3232,금천구,37.46914,126.895246,스타벅스
157,가산디지털,서울특별시 금천구 가산디지털1로 168 (가산동)1522-3232,금천구,37.4798346,126.88249969999992,스타벅스
158,W-Mall,서울특별시 금천구 디지털로 188 (가산동)1522-3232,금천구,37.47730499,126.8876908,스타벅스
159,마리오아울렛,서울특별시 금천구 벚꽃로 266 마리오아울렛3관1522-3232,금천구,37.478701,126.885076,스타벅스
160,가산브이타워,서울특별시 금천구 가산디지털1로 128 (가산동)1522-3232,금천구,37.477221,126.883683,스타벅스
161,가산그레이트,"서울특별시 금천구 디지털로9길 32, 갑을그레이트밸리 1층 (가산동)1522-3232",금천구,37.4794491,126.88747680000006,스타벅스
162,독산역,"서울특별시 금천구 가산디지털1로 16 (가산동), 107-2, 108, 109호1522-3232",금천구,37.4676446,126.8876698,스타벅스
163,가산현대아울렛,"서울특별시 금천구 디지털로10길 9 (가산동), 1층 일부1522-3232",금천구,37.477581,126.888603,스타벅스
164,월계역,"서울특별시 노원구 초안산로2라길26 월계동(104,105,106호)1522-3232",노원구,37.6295,127.0574,스타벅스
165,월계트레이더스,서울특별시 노원구 마들로3길 15 (월계동)1522-3232,노원구,37.6277053,127.06149779999998,스타벅스
166,상계초교사거리,서울특별시 노원구 노원로 449 (상계동)1522-3232,노원구,37.656776,127.066442,스타벅스
167,공릉DT,서울특별시 노원구 동일로 1015 (공릉동)1522-3232,노원구,37.6206884,127.0743116,스타벅스
168,노원마들역,"서울특별시 노원구 노원로 569 (상계동, 임광아파트)1522-3232",노원구,37.660941,127.058008,스타벅스
169,공릉역,서울특별시 노원구 동일로 1081 (공릉동)1522-3232,노원구,37.626337,127.072252,스타벅스
170,은행사거리,"서울특별시 노원구 중계로 217, 중흥빌딩 103,203호 (중계동)1522-3232",노원구,37.65048737,127.0759861,스타벅스
171,노원KT,"서울특별시 노원구 노해로 502, (주)KT 노원사옥 (상계동)1522-3232",노원구,37.654562,127.063617,스타벅스
172,광운대,서울특별시 노원구 석계로 104 (월계동)1522-3232,노원구,37.6231479,127.06070090000003,스타벅스
173,중계역,"서울특별시 노원구 동일로 1339, 대한빌딩 (상계동)1522-3232",노원구,37.64817,127.062244,스타벅스
174,노원역,서울특별시 노원구 동일로 1413 (상계동) 1층1522-3232,노원구,37.654751,127.060034,스타벅스
175,월계이마트,서울특별시 노원구 마들로3길 15 (월계동)1522-3232,노원구,37.627155,127.062094,스타벅스
176,태릉입구역DT,서울특별시 노원구 화랑로 469 (공릉동)1522-3232,노원구,37.61942,127.07932,스타벅스
177,노원상계,서울특별시 노원구 동일로215길 2 (상계동)1522-3232,노원구,37.651535,127.061026,스타벅스
178,창동이마트,서울특별시 도봉구 노해로65길 4 (창동)1522-3232,도봉구,37.651645,127.046869,스타벅스
179,쌍문역,서울특별시 도봉구 도봉로 480 (창동)1522-3232,도봉구,37.648456,127.034783,스타벅스
180,쌍문도봉로,서울특별시 도봉구 도봉로 444 (창동)1522-3232,도봉구,37.6453516,127.0331011,스타벅스
181,방학역,"서울특별시 도봉구 도봉로 684 (방학동)101,102,113,114,115호1522-3232",도봉구,37.6653125,127.0433125,스타벅스
182,노량진동,"서울특별시 동작구 노량진로 190 (노량진동, 고려교육타워-어바니엘한강) 101호~105호1522-3232",동작구,37.513068,126.946537,스타벅스
183,남성역,서울특별시 동작구 사당로 219 (사당동)1522-3232,동작구,37.4841198,126.9725739,스타벅스
184,상도역,서울특별시 동작구 상도로37길 1 (상도1동)1522-3232,동작구,37.5031936,126.9484581,스타벅스
185,보라매공원R,"서울특별시 동작구 보라매로5길 35 (신대방동, 파크스퀘어,보라매현대APT)1522-3232",동작구,37.49226212712864,126.92334570798292,스타벅스
186,이수자이,서울특별시 동작구 사당로 300 (사당동 이수자이)1522-3232,동작구,37.484414,126.980047,스타벅스
187,노량진역,서울특별시 동작구 노량진로 134 (노량진동)1522-3232,동작구,37.513390,126.940879,스타벅스
188,신대방삼거리역,서울특별시 동작구 상도로 102 (상도동)1522-3232,동작구,37.499914,126.931766,스타벅스
189,중앙대,서울특별시 동작구 흑석로 75-1 (흑석동)1522-3232,동작구,37.506933,126.958125,스타벅스
190,숭실대입구역,서울특별시 동작구 상도로 354 (상도동)1522-3232,동작구,37.4968346,126.95271230000003,스타벅스
191,숭실대,서울특별시 동작구 사당로 4 (상도동)1522-3232,동작구,37.49538073,126.9548891,스타벅스
192,사당역,"서울특별시 동작구 동작대로 21, 양지빌딩 1-3층 (사당동)1522-3232",동작구,37.47849216,126.9813456,스타벅스
193,서강대프라자,서울특별시 마포구 백범로 35 (신수동)1522-3232,마포구,37.551073,126.943096,스타벅스
194,상암YTN,서울특별시 마포구 상암산로 76 (상암동)1522-3232,마포구,37.579183,126.892315,스타벅스
195,마포용강동,서울특별시 마포구 토정로 295 (용강동)1522-3232,마포구,37.541186,126.942209,스타벅스
196,홍대입구역사거리R,서울특별시 마포구 양화로 125 (서교동)1522-3232,마포구,37.554636,126.92036,스타벅스
197,마포경찰서후문,서울특별시 마포구 마포대로 173-14 (아현동)1522-3232,마포구,37.550800,126.953432,스타벅스
198,공덕,서울특별시 마포구 마포대로 130 (공덕동)1522-3232,마포구,37.545913,126.952956,스타벅스
199,합정폴리스R,"서울특별시 마포구 양화로 45 (서교동, 메세나폴리스)1522-3232",마포구,37.5509,126.9134,스타벅스
200,홍대공항철도역,서울특별시 마포구 양화로 178 (동교동)1522-3232,마포구,37.557491,126.925146,스타벅스
201,마포염리,서울특별시 마포구 독막로 311 (염리동)1522-3232,마포구,37.543876,126.947680,스타벅스
202,서강광흥창역,서울특별시 마포구 서강로 69 (창전동)1522-3232,마포구,37.549377,126.931661,스타벅스
203,합정,"서울특별시 마포구 월드컵로1길 14 (합정동) 마포한강푸르지오 110, 111, 112-21522-3232",마포구,37.549630,126.912999,스타벅스
204,서강대흥역,서울특별시 마포구 백범로 89-5 (대흥동)1522-3232,마포구,37.548178,126.941576,스타벅스
205,서교동사거리,서울특별시 마포구 양화로 105 (서교동)1522-3232,마포구,37.553376,126.918564,스타벅스
206,상암사보이시티,서울특별시 마포구 월드컵북로54길 17 (상암동)1522-3232,마포구,37.58147,126.888983,스타벅스
207,신촌오거리,서울특별시 마포구 신촌로16길 10 (노고산동)1522-3232,마포구,37.555137,126.934694,스타벅스
208,상암디지털큐브,서울특별시 마포구 상암산로 341522-3232,마포구,37.5763132,126.8892477,스타벅스
209,상수역,서울특별시 마포구 독막로 88 (상수동)1522-3232,마포구,37.5474817,126.92321579999998,스타벅스
210,공덕오거리,서울특별시 마포구 마포대로 86 (도화동) 창강빌딩1522-3232,마포구,37.5424641,126.95057730000008,스타벅스
211,서강대,서울특별시 마포구 백범로 23 (신수동)1522-3232,마포구,37.5524584,126.9378262,스타벅스
212,상암MBC,서울특별시 마포구 성암로 267 (상암동)1522-3232,마포구,37.581297,126.890908,스타벅스
213,홍대역,"서울특별시 마포구 양화로 165, 상진빌딩 1층 (동교동)1522-3232",마포구,37.557175,126.923654,스타벅스
214,동교,"서울특별시 마포구 월드컵북로 22, 영준빌딩 1층 (동교동)1522-3232",마포구,37.556928,126.919819,스타벅스
215,애오개역,"서울특별시 마포구 마포대로 201, 마포트라팰리스II (아현동)1522-3232",마포구,37.55218737,126.9555203,스타벅스
216,상암DMC,"서울특별시 마포구 월드컵북로 375, DMC이안오피스텔1단지 102호,202호 (상암동)1522-3232",마포구,37.577623,126.890684,스타벅스
217,마포일진빌딩,"서울특별시 마포구 마포대로 45, 일진빌딩 1층 (도화동)1522-3232",마포구,37.54043451,126.9463168,스타벅스
218,마포아크로,서울특별시 마포구 마포대로 68 (도화동) 마포아크로타워1522-3232,마포구,37.54145556,126.948819,스타벅스
219,홍대삼거리,서울특별시 마포구 와우산로 64 (상수동)1522-3232,마포구,37.550266,126.923179,스타벅스
220,망원역,서울특별시 마포구 월드컵로 74 (서교동)1522-3232,마포구,37.555829,126.910637,스타벅스
221,마포이마트,서울특별시 마포구 백범로 212 (신공덕동) 마포이마트1522-3232,마포구,37.542421,126.953341,스타벅스
222,합정메세나몰,"서울특별시 마포구 양화로 45 (서교동, 메세나폴리스)1522-3232",마포구,37.551004,126.913848,스타벅스
223,아현역대로,서울특별시 마포구 신촌로 262 (아현동)1522-3232,마포구,37.557097,126.954834,스타벅스
224,디지털미디어시티역,서울특별시 마포구 성암로 179 (상암동)1522-3232,마포구,37.57609,126.89897,스타벅스
225,홍대역8번출구,서울특별시 마포구 양화로 166 (동교동)1522-3232,마포구,37.556743503599,126.924166543608,스타벅스
226,합정푸르지오,"서울특별시 마포구 월드컵로3길 14 (합정동, 마포 한강 2차 푸르지오)1522-3232",마포구,37.55109819950203,126.9123070691659,스타벅스
227,망원한강공원,서울특별시 마포구 마포나루길 435 (망원동)1522-3232,마포구,37.5545625,126.8956875,스타벅스
228,가재울뉴타운,"서울특별시 서대문구 가재울미래로 2 (남가좌동, DMC파크뷰자이)1522-3232",서대문구,37.5749841,126.9164441,스타벅스
229,남가좌사거리,"서울특별시 서대문구 거북골로 84 (남가좌동, DMC에코자이104동)1522-3232",서대문구,37.577386,126.920815,스타벅스
230,신촌역,서울특별시 서대문구 신촌로 73 (창천동)1522-3232,서대문구,37.556167,126.934673,스타벅스
231,연희동,서울특별시 서대문구 연희로 97 (연희동)1522-3232,서대문구,37.566702,126.930475,스타벅스
232,아현역,"서울특별시 서대문구 신촌로35길 10 (북아현동, e편한세상신촌 4단지)1522-3232",서대문구,37.558421,126.956349,스타벅스
233,홍제역,서울특별시 서대문구 통일로 451 (홍제동)1522-3232,서대문구,37.588658,126.943864,스타벅스
234,연세백양로,서울특별시 서대문구 연세로 50 (신촌동) 연세대학교1522-3232,서대문구,37.562644,126.937529,스타벅스
235,연희DT,서울특별시 서대문구 연희로 144 (연희동)1522-3232,서대문구,37.5702143,126.9339777,스타벅스
236,경기대,서울특별시 서대문구 충정로 53 (충정로2가)1522-3232,서대문구,37.56367995,126.9646045,스타벅스
237,신촌,서울특별시 서대문구 연세로 10-1 (창천동)1522-3232,서대문구,37.55648577,126.9371155,스타벅스
238,이대R,서울특별시 서대문구 이화여대길 34 (대현동)1522-3232,서대문구,37.55848315,126.9459643,스타벅스
239,연세종합관,"서울특별시 서대문구 연세로 50, 연세세브란스 종합관 (신촌동)1522-3232",서대문구,37.56177145,126.9414708,스타벅스
240,이대ECC,서울특별시 서대문구 이화여대길 52 (대현동) 이화여자대학교 B415호1522-3232,서대문구,37.561631,126.94735,스타벅스
241,연대,서울특별시 서대문구 연세로 35 (창천동)1522-3232,서대문구,37.558706,126.936727,스타벅스
242,신촌아트레온,서울특별시 서대문구 신촌로 129 (창천동)1522-3232,서대문구,37.556505,126.940238,스타벅스
243,충정로역,서울특별시 서대문구 충정로 231522-3232,서대문구,37.56137,126.963219,스타벅스
244,연대동문,서울특별시 서대문구 성산로 565 (대신동)1522-3232,서대문구,37.566385,126.946273,스타벅스
245,신촌명물거리,"서울특별시 서대문구 명물길 24, 1-5층 (창천동)1522-3232",서대문구,37.557796,126.938095,스타벅스
246,충정타워,"서울특별시 서대문구 서소문로 21, 충정타워빌딩 1층 (충정로3가)1522-3232",서대문구,37.559869,126.964110,스타벅스
247,북가좌DT,서울특별시 서대문구 응암로 85 (북가좌동)1522-3232,서대문구,37.580758,126.911478,스타벅스
248,현대신촌,서울특별시 서대문구 신촌로 83 (창천동)1522-3232,서대문구,37.5560830579515,126.935844876509,스타벅스
249,방배로,서울특별시 서초구 방배로 52 (방배동)1522-3232,서초구,37.4793434,126.9994968,스타벅스
250,강남교보타워R,서울특별시 서초구 강남대로 465 (서초동)1522-3232,서초구,37.503789,127.024075,스타벅스
251,방배다이치빌딩,서울특별시 서초구 방배로 114 (방배동)1522-3232,서초구,37.484329,126.995872,스타벅스
252,센트럴F1,서울특별시 서초구 신반포로 176 (반포동)1522-3232,서초구,37.505148,127.004395,스타벅스
253,서초역이화빌딩,서울특별시 서초구 반포대로21길 3 (서초동)1522-3232,서초구,37.487931,127.009126,스타벅스
254,서초구청,서울특별시 서초구 남부순환로 2557 (서초동)1522-3232,서초구,37.484206,127.030103,스타벅스
255,서초우성사거리,서울특별시 서초구 강남대로 343 (서초동)1522-3232,서초구,37.493545,127.02943,스타벅스
256,이수역사거리,"서울특별시 서초구 서초대로 3-4 (방배동, 방배디오슈페리움1)1522-3232",서초구,37.48585,126.983027,스타벅스
257,강남대로신사,서울특별시 서초구 강남대로 595 (잠원동)1522-3232,서초구,37.51489,127.019469,스타벅스
258,서울고속터미널,서울특별시 서초구 신반포로 194 (반포동)1522-3232,서초구,37.504406,127.005648,스타벅스
259,강남대로논현R,서울특별시 서초구 강남대로85길 5 (반포동)1522-3232,서초구,37.507413,127.022568,스타벅스
260,방배,서울특별시 서초구 방배로 2111522-3232,서초구,37.491914,126.99049739999998,스타벅스
261,방배카페거리,서울특별시 서초구 방배중앙로 162 (방배동)1522-3232,서초구,37.4934767,126.9865297,스타벅스
262,서초법원,서울특별시 서초구 서초대로 274 (서초동)1522-3232,서초구,37.492970,127.011875,스타벅스
263,청계산입구역,서울특별시 서초구 청계산로 203 (신원동)1522-3232,서초구,37.447323,127.056250,스타벅스
264,사당로데오,서울특별시 서초구 방배천로 5-4(방배동)1522-3232,서초구,37.4772752,126.98216049999996,스타벅스
265,파미에파크R,서울특별시 서초구 사평대로 205 (반포동) CENTRALCITY1522-3232,서초구,37.5030521,127.004362,스타벅스
266,교대역,서울특별시 서초구 서초중앙로 138 (서초동) 우림빌딩1522-3232,서초구,37.494207,127.01394,스타벅스
267,양재역,서울특별시 서초구 강남대로 202 (양재동) 모산빌딩1522-3232,서초구,37.4820475,127.0367682,스타벅스
268,논현역,서울특별시 서초구 강남대로 557 (잠원동) 1~2층1522-3232,서초구,37.5111983,127.0205875,스타벅스
269,이수역,서울특별시 서초구 동작대로 112 (방배동)1522-3232,서초구,37.4864664,126.98274029999993,스타벅스
270,내방역,서울특별시 서초구 방배로 184 (방배동) 대풍빌딩1522-3232,서초구,37.490004,126.992455,스타벅스
271,서초파라곤,서울특별시 서초구 서초대로74길 29 (서초동) 서초파라곤1522-3232,서초구,37.494941,127.027422,스타벅스
272,서울아트센터,서울특별시 서초구 남부순환로 2395 (서초동) 호경빌딩1522-3232,서초구,37.480866,127.012368,스타벅스
273,서초중앙로,서울특별시 서초구 서초중앙로 2251522-3232,서초구,37.501691,127.01152,스타벅스
274,센트럴시티,서울특별시 서초구 신반포로 176 (반포동)1522-3232,서초구,37.504707,127.004459,스타벅스
275,강남삼성타운,서울특별시 서초구 서초대로78길 24 (서초동)1522-3232,서초구,37.49562035,127.0277144,스타벅스
276,방배역,서울특별시 서초구 방배로 84 (방배동)1522-3232,서초구,37.48200755,126.9976438,스타벅스
277,반포역,서울특별시 서초구 신반포로 257 (잠원동) 신반포11차상가1522-3232,서초구,37.508589,127.011959,스타벅스
278,남부터미널,"서울특별시 서초구 서초중앙로 26, 래미안서초유니빌 1층 101호 (서초동)1522-3232",서초구,37.48467334,127.0169464,스타벅스
279,뉴코아강남,서울특별시 서초구 잠원로 69 (잠원동) 킴스클럽1522-3232,서초구,37.51031339,127.0069582,스타벅스
280,강남2,"서울특별시 서초구 서초대로77길 27, 유빌딩 1,2층 (서초동)1522-3232",서초구,37.5000875,127.02549090000002,스타벅스
281,교대,서울특별시 서초구 서초중앙로 118 (서초동)1522-3232,서초구,37.4923611,127.0142207,스타벅스
282,하이브랜드,"서울특별시 서초구 매헌로 16, 리빙관 101호 (양재동)1522-3232",서초구,37.46330766,127.0368447,스타벅스
283,신논현역,서울특별시 서초구 강남대로 483 (반포동) 청호빌딩1522-3232,서초구,37.50529,127.023636,스타벅스
284,영동2교,"서울특별시 서초구 논현로 139, 대흥빌딩 (양재동)1522-3232",서초구,37.48203954,127.0425748,스타벅스
285,남부터미널2,서울특별시 서초구 효령로 274 (서초동)1522-3232,서초구,37.48436736,127.0142192,스타벅스
286,서래마을입구,서울특별시 서초구 서래로 48 (반포동)1522-3232,서초구,37.49925284,126.9984801,스타벅스
287,몬테소리,서울특별시 서초구 강남대로 399 (서초동)1522-3232,서초구,37.4982695,127.026865,스타벅스
288,서초역,서울특별시 서초구 반포대로 118 (서초동)1522-3232,서초구,37.49067495,127.0086118,스타벅스
289,교대법원,서울특별시 서초구 서초중앙로 164 (서초동)1522-3232,서초구,37.496329,127.013336,스타벅스
290,강남GT타워,"서울특별시 서초구 서초대로 411, GT타워 (서초동)1522-3232",서초구,37.498056,127.02583300000003,스타벅스
291,서초동,"서울특별시 서초구 남부순환로339길 64, 현우빌딩 1층 (서초동)1522-3232",서초구,37.485941,127.021525,스타벅스
292,서울교대,"서울특별시 서초구 서초중앙로 64, 1층 (서초동)1522-3232",서초구,37.487397,127.015134,스타벅스
293,강남에비뉴,"서울특별시 서초구 서초대로77길 62, 강남역아이파크 B102~B105 (서초동)1522-3232",서초구,37.5027,127.023894,스타벅스
294,반포자이,서울특별시 서초구 잠원로 24 (반포동)1522-3232,서초구,37.507170475349405,127.0099189083483,스타벅스
295,서이초교사거리,서울특별시 서초구 사임당로 143 (서초동)1522-3232,서초구,37.4918146,127.0252252,스타벅스
296,서울웨이브아트센터,서울특별시 서초구 잠원로 145-35 (잠원동)1522-3232,서초구,37.518807,127.00704,스타벅스
297,길음역,서울특별시 성북구 정릉로 376 (돈암동)1522-3232,성북구,37.602139,127.025271,스타벅스
298,미아이마트,서울특별시 성북구 도봉로 17 (길음동)1522-3232,성북구,37.610678,127.029921,스타벅스
299,종암DT,서울특별시 성북구 종암로 17 (종암동)1522-3232,성북구,37.5919525,127.0360401,스타벅스
300,미아,서울특별시 성북구 동소문로 314 (하월곡동)1522-3232,성북구,37.607581,127.029303,스타벅스
301,성신여대정문,서울특별시 성북구 보문로34길 62 (동선동2가)1522-3232,성북구,37.590910,127.018800,스타벅스
302,종암,서울특별시 성북구 종암로 122 (종암동)1522-3232,성북구,37.601095,127.033847,스타벅스
303,삼선교,서울특별시 성북구 동소문로 10 (동소문동2가)1522-3232,성북구,37.588696,127.00732070000003,스타벅스
304,월곡역,"서울특별시 성북구 화랑로 76, 101-1호 (하월곡동)1522-3232",성북구,37.601718,127.040446,스타벅스
305,고대,서울특별시 성북구 고려대로24길 51 (안암동5가)1522-3232,성북구,37.58397192,127.0297352,스타벅스
306,현대미아,서울특별시 성북구 동소문로 315 (길음동) 지하1층1522-3232,성북구,37.60837822,127.0287483,스타벅스
307,성신여대,서울특별시 성북구 동소문로24길 12 (동선동1가)1522-3232,성북구,37.593135,127.018379,스타벅스
308,안암역,서울특별시 성북구 고려대로 102-2 (안암동5가)1522-3232,성북구,37.586319,127.030556,스타벅스
309,한성대입구역,서울특별시 성북구 성북로 11 (성북동1가)1522-3232,성북구,37.589054,127.004839,스타벅스
310,고대안암병원,서울특별시 성북구 고려대로 73 (안암동5가)1522-3232,성북구,37.58687889805418,127.02820333331364,스타벅스
311,장위뉴타운,서울특별시 성북구 장월로38길 4 (장위동)1522-3232,성북구,37.6179568965998,127.051535709778,스타벅스
312,송파나루역DT,서울특별시 송파구 오금로 142 (송파동)1522-3232,송파구,37.510793,127.1102658,스타벅스
313,송파헬리오시티,"서울특별시 송파구 송파대로 345 (가락동, 헬리오시티)1522-3232",송파구,37.4978563,127.1031325,스타벅스
314,잠실시그마타워,서울특별시 송파구 올림픽로 289 (신천동)1522-3232,송파구,37.514567,127.102493,스타벅스
315,문정법원로R,서울특별시 송파구 송파대로 201 (문정동)1522-3232,송파구,37.487447,127.119164,스타벅스
316,송파개롱역,서울특별시 송파구 오금로 420 (가락동)1522-3232,송파구,37.496956,127.13652,스타벅스
317,문정하비오,"서울특별시 송파구 송파대로 111 (문정동, 파크하비오) 204동 104호~107호1522-3232",송파구,37.481925,127.123446,스타벅스
318,문정역,"서울특별시 송파구 송파대로 167 (문정동)테라타워 B동 137호~139호,204호1522-3232",송파구,37.484813,127.122237,스타벅스
319,잠실대교남단R,서울특별시 송파구 송파대로 570 타워 730 1층1522-3232,송파구,37.515511,127.099006,스타벅스
320,송파위례,"서울특별시 송파구 위례광장로 230 (장지동, 위례2차아이파크)1522-3232",송파구,37.478264,127.144067,스타벅스
321,송파방이DT,서울특별시 송파구 오금로 241 (방이동)1522-3232,송파구,37.506564,127.120495,스타벅스
322,올림픽평화의문,서울특별시 송파구 위례성대로 38 (방이동) 해태그린피아빌라트1522-3232,송파구,37.5156426,127.11648190000005,스타벅스
323,송파아이파크,서울특별시 송파구 법원로 55 (문정동)1522-3232,송파구,37.479892,127.122379,스타벅스
324,송파사거리,서울특별시 송파구 송파대로 386 (송파동)1522-3232,송파구,37.5022788,127.1103904,스타벅스
325,석촌서호,서울특별시 송파구 석촌호수로 176 (삼전동)1522-3232,송파구,37.5063929,127.0964684,스타벅스
326,문정로데오,서울특별시 송파구 동남로 141 (가락동)1522-3232,송파구,37.491905,127.1262696,스타벅스
327,올림픽훼미리,서울특별시 송파구 중대로 68 (문정동)1522-3232,송파구,37.491626,127.116308,스타벅스
328,올림픽공원남문,서울특별시 송파구 위례성대로 102 (방이동)1522-3232,송파구,37.5133,127.123113,스타벅스
329,방이역,"서울특별시 송파구 마천로 53, 1~2층 (오금동)1522-3232",송파구,37.508666,127.126569,스타벅스
330,석촌호수,서울특별시 송파구 석촌호수로 262 (송파동)1522-3232,송파구,37.509581,127.104993,스타벅스
331,잠실푸르지오월드,"서울특별시 송파구 올림픽로35가길 9, 잠실푸르지오월드마크 1층 (신천동)1522-3232",송파구,37.517649,127.103426,스타벅스
332,잠실새내역,서울특별시 송파구 올림픽로 96 (잠실동)1522-3232,송파구,37.511679,127.081062,스타벅스
333,잠실역,"서울특별시 송파구 송파대로 562 (신천동, 웰리스타워,삼성웰리스아파트) 1층,2층1522-3232",송파구,37.515272,127.099231,스타벅스
334,갤러리아팰리스,"서울특별시 송파구 올림픽로 212, 갤러리아 팰리스 (잠실동)1522-3232",송파구,37.51108365,127.0938059,스타벅스
335,아시아선수촌,서울특별시 송파구 백제고분로 69 (잠실동)1522-3232,송파구,37.510590,127.079047,스타벅스
336,올림픽아파트,서울특별시 송파구 양재대로 1220 (방이동)1522-3232,송파구,37.515315,127.133237,스타벅스
337,가락본동,서울특별시 송파구 송파대로30길 13 (가락동)1522-3232,송파구,37.494895,127.118785,스타벅스
338,석촌역,"서울특별시 송파구 백제고분로 358, 1층 (석촌동)1522-3232",송파구,37.5042626,127.10610769999994,스타벅스
339,가락시장역,"서울특별시 송파구 중대로 121, 롯데캐슬 파인힐 1층 (가락동)1522-3232",송파구,37.494299,127.121354,스타벅스
340,가든파이브,서울특별시 송파구 충민로 10 (문정동) 가든파이브툴1522-3232,송파구,37.4782316,127.11937030000001,스타벅스
341,송파NC,서울특별시 송파구 충민로 66 (문정동)  가든파이브라이프 패션관1층1522-3232,송파구,37.4778761,127.12567478,스타벅스
342,송파거여역,서울특별시 송파구 오금로 493 (거여동)1522-3232,송파구,37.4936489571568,127.143698688888,스타벅스
343,몽촌토성역,서울특별시 송파구 위례성대로 6 (방이동)1522-3232,송파구,37.516913,127.113127,스타벅스
344,송파KT,"서울특별시 송파구 잠실로 209 (신천동), 오피스빌딩 1층 2~4호1522-3232",송파구,37.5139991,127.1063026,스타벅스
345,송파마천사거리DT,서울특별시 송파구 거마로 78 (마천동)1522-3232,송파구,37.499829,127.147672,스타벅스
346,목동파리공원,서울특별시 양천구 목동동로 377 (목동)1522-3232,양천구,37.535336,126.878852,스타벅스
347,등촌역,서울특별시 양천구 공항대로 566 (목동) 1층 2층1522-3232,양천구,37.548884,126.86807,스타벅스
348,목동행복한,서울특별시 양천구 목동동로 309 (목동)1522-3232,양천구,37.529147,126.876099,스타벅스
349,신정DT,서울특별시 양천구 신월로 341 (신정동)1522-3232,양천구,37.521993,126.858865,스타벅스
350,목동역,서울특별시 양천구 목동로 203 (신정동) 1층일부1522-3232,양천구,37.526684,126.863986,스타벅스
351,목동오목로,"서울특별시 양천구 오목로 279 (목동) 102,103,104,105호1522-3232",양천구,37.525923,126.868438,스타벅스
352,목동8단지,서울특별시 양천구 목동서로 299 (신정동)1522-3232,양천구,37.520518,126.868841,스타벅스
353,오목교역,서울특별시 양천구 오목로 354 (목동)1522-3232,양천구,37.5235882,126.87652120000007,스타벅스
354,신월IC DT,서울특별시 양천구 남부순환로 430 (신월동)1522-3232,양천구,37.5294984,126.831983,스타벅스
355,목동7단지,서울특별시 양천구 목동서로 213 (목동) 세신비젼프라자1522-3232,양천구,37.528012,126.87053,스타벅스
356,목동5단지,"서울특별시 양천구 목동동로 411, 1동 116호(목동, 부영그린타운3차)1522-3232",양천구,37.536706,126.88212,스타벅스
357,목동,서울특별시 양천구 목동서로 67 (목동) 우성에펠타운1522-3232,양천구,37.53638383,126.8785597,스타벅스
358,현대목동,"서울특별시 양천구 목동동로 257 (목동, 현대하이페리온) 지하2층1522-3232",양천구,37.526848,126.875023,스타벅스
359,목동파라곤,"서울특별시 양천구 목동서로 155, 목동파라곤 1층 (목동)1522-3232",양천구,37.52947,126.874996,스타벅스
360,목동트라팰리스,서울특별시 양천구 오목로 299 (목동)1522-3232,양천구,37.5255,126.8702,스타벅스
361,목동10단지,"서울특별시 양천구 목동서로 401 (신정동, 대림아크로빌), 상가A동 101,101-1호1522-3232",양천구,37.515425616177,126.859603067999,스타벅스
362,신월동DT,서울특별시 양천구 남부순환로 319 (신월동)1522-3232,양천구,37.5382923530559,126.827101409243,스타벅스
363,타임스퀘어R,서울특별시 영등포구 영중로 15 지하 1층 (영등포동4가)1522-3232,영등포구,37.51755,126.90516,스타벅스
364,샛강역,서울특별시 영등포구 여의대방로 376 (여의도동)1522-3232,영등포구,37.5183551,126.9312716,스타벅스
365,영등포역,서울특별시 영등포구 경인로 870 (영등포동1가)1522-3232,영등포구,37.5169614,126.9091390,스타벅스
366,당산대로,서울특별시 영등포구 양평로 22 (당산동6가)1522-3232,영등포구,37.533121,126.903804,스타벅스
367,여의도IFC몰(L1)R,서울특별시 영등포구 국제금융로 10 (여의도동)  지하1층 178호1522-3232,영등포구,37.525127,126.925508,스타벅스
368,여의도KBS R,서울특별시 영등포구 의사당대로 26 (여의도동)1522-3232,영등포구,37.526596,126.918456,스타벅스
369,여의도화재보험,서울특별시 영등포구 국제금융로6길 38 (여의도동)1522-3232,영등포구,37.521345,126.926004,스타벅스
370,국회대로,서울특별시 영등포구 국회대로 786 (여의도동)1522-3232,영등포구,37.530260,126.919549,스타벅스
371,영등포KT,서울특별시 영등포구 영중로 119 (영등포동8가)1522-3232,영등포구,37.526419,126.905314,스타벅스
372,여의도공원R,서울특별시 영등포구 여의공원로 101 (여의도동)1522-3232,영등포구,37.529231,126.924872,스타벅스
373,국회의사당역,서울특별시 영등포구 의사당대로 8 (여의도동)1522-3232,영등포구,37.527831,126.916882,스타벅스
374,선유도역,서울특별시 영등포구 양평로 115 (양평동4가)1522-3232,영등포구,37.537268,126.894594,스타벅스
375,여의도역R,서울특별시 영등포구 의사당대로 83 (여의도동) 1층1522-3232,영등포구,37.523328,126.923439,스타벅스
376,선유동이레빌딩,서울특별시 영등포구 선유동2로 57 (양평제1동) 이레빌딩1522-3232,영등포구,37.534109,126.896912,스타벅스
377,동여의도,서울특별시 영등포구 국제금융로 86 (여의도동) 롯데캐슬 아이비1522-3232,영등포구,37.5199494,126.9317957,스타벅스
378,여의도ABL타워,서울특별시 영등포구 의사당대로 147 (여의도동) 알리안츠타워1522-3232,영등포구,37.518749,126.92779,스타벅스
379,영등포신길,"서울특별시 영등포구 신길로 137 (신길동) 1,2층1522-3232",영등포구,37.504566,126.910073,스타벅스
380,문래역,서울특별시 영등포구 당산로 34 (문래동3가)1522-3232,영등포구,37.517446,126.895258,스타벅스
381,당산,서울특별시 영등포구 양평로 64 (당산동6가)1522-3232,영등포구,37.535164,126.899942,스타벅스
382,여의도한양증권,서울특별시 영등포구 국제금융로6길 7 (여의도동) 한양증권1522-3232,영등포구,37.522418,126.929093,스타벅스
383,여의도일신,서울특별시 영등포구 은행로 11 (여의도동) 1층 1부1522-3232,영등포구,37.528,126.920103,스타벅스
384,신세계타임스퀘어B2,"서울특별시 영등포구 영중로 9, 신세계타임스퀘어점 리빙관 지하2층 (영등포동4가)1522-3232",영등포구,37.517162,126.905608,스타벅스
385,하이테크시티,서울특별시 영등포구 경인로 775 (문래동3가) 에이스하이테크시티1522-3232,영등포구,37.51467062,126.8986474,스타벅스
386,여의도,서울특별시 영등포구 국제금융로2길 28 (여의도동)1522-3232,영등포구,37.52403519,126.9245179,스타벅스
387,롯데캐슬여의도,"서울특별시 영등포구 의사당대로 127 (여의도동, 롯데캐슬엠파이어) 1층 104호1522-3232",영등포구,37.52025214,126.9263678,스타벅스
388,문래동,"서울특별시 영등포구 선유로 64, 대창타운빌 1층 (문래동3가)1522-3232",영등포구,37.519602,126.889652,스타벅스
389,신세계타임스퀘어1F,"서울특별시 영등포구 영중로 9, 신세계백화점 리빙관 1층 (영등포동4가)1522-3232",영등포구,37.517162,126.905608,스타벅스
390,여의도호성,"서울특별시 영등포구 여의대방로65길 24, 호성빌딩 1층 (여의도동)1522-3232",영등포구,37.520176,126.929426,스타벅스
391,타임스퀘어B2,"서울특별시 영등포구 영중로 15, 지하2층 (영등포동4가)1522-3232",영등포구,37.516985,126.903387,스타벅스
392,영등포본동,서울특별시 영등포구 영등포로 254 (영등포동3가)1522-3232,영등포구,37.518713,126.909559,스타벅스
393,타임스퀘어2F,서울특별시 영등포구 영중로 15 지상2층 (영등포동4가)1522-3232,영등포구,37.516985,126.903387,스타벅스
394,여의도의사당,"서울특별시 영등포구 국회대로74길 12, 남중빌딩 1층 (여의도동)1522-3232",영등포구,37.530023,126.92109,스타벅스
395,여의도IFC(1F),서울특별시 영등포구 국제금융로 10 (여의도동)1522-3232,영등포구,37.525273,126.924668,스타벅스
396,여의도신한금융투자타워,서울특별시 영등포구 여의대로 70 (여의도동)1522-3232,영등포구,37.52498,126.92414,스타벅스
397,선유도역 1번출구,서울특별시 영등포구 양평로 128 (양평동5가)양평로 1281522-3232,영등포구,37.538333,126.893612,스타벅스
398,영등포시장역,서울특별시 영등포구 영중로 79 (영등포동7가)1522-3232,영등포구,37.523475,126.904907,스타벅스
399,영등포구청역,서울특별시 영등포구 국회대로 558 1522-3232,영등포구,37.52789,126.89608,스타벅스
400,서울양평역,"서울특별시 영등포구 선유서로24길 6 (양평동1가, 영등포 중흥 S-CLASS)1522-3232",영등포구,37.523128,126.885809,스타벅스
401,영등포시장교차로,서울특별시 영등포구 영중로 45 (영등포동6가)1522-3232,영등포구,37.5204239,126.9044460,스타벅스
402,더현대서울(B2)R,서울특별시 영등포구 여의대로 108 (여의도동)1522-3232,영등포구,37.5264,126.92877,스타벅스
403,당산역사거리,서울특별시 영등포구 양평로 47 (당산동5가)1522-3232,영등포구,37.533984,126.901156,스타벅스
404,불광역,서울특별시 은평구 통일로 715 (대조동)1522-3232,은평구,37.6093820,126.9303971,스타벅스
405,구파발사거리,서울특별시 은평구 진관3로 21 은평엘크루 101동 105-108호1522-3232,은평구,37.639617,126.91881,스타벅스
406,연신내역사거리,서울특별시 은평구 통일로 842 (불광동)1522-3232,은평구,37.61862,126.922062,스타벅스
407,연신내,서울특별시 은평구 통일로 867 (갈현동)1522-3232,은평구,37.620417,126.919913,스타벅스
408,구파발역,서울특별시 은평구 진관2로 121522-3232,은평구,37.63446,126.918881,스타벅스
409,은평구청입구,서울특별시 은평구 은평로 170 (응암동)1522-3232,은평구,37.601042,126.926789,스타벅스
410,은평이마트,서울특별시 은평구 은평로 111 (응암동)1522-3232,은평구,37.60037923,126.9202735,스타벅스
411,구산역,서울특별시 은평구 연서로 146 (대조동)1522-3232,은평구,37.611745,126.917678,스타벅스
412,수색,서울특별시 은평구 수색로 216 (수색동)1522-3232,은평구,37.5804,126.899068,스타벅스
413,녹번역,"서울특별시 은평구 통일로 636 (녹번동) 110,111,112,113,114,115호1522-3232",은평구,37.603307621312325,126.93528567756574,스타벅스
414,진관DT,서울특별시 은평구 연서로 645 (진관동)1522-3232,은평구,37.6501787,126.9361968,스타벅스
415,연합뉴스,서울특별시 종로구 율곡로2길 25 (수송동)1522-3232,종로구,37.5743289,126.9804590000005,스타벅스
416,혜화역,서울특별시 종로구 대학로12길 4 (동숭동)1~2층1522-3232,종로구,37.5824779,127.0021850,스타벅스
417,경희궁로,서울특별시 종로구 새문안로3길 15 (당주동)1522-3232,종로구,37.571759,126.972343,스타벅스
418,강북삼성병원,서울특별시 종로구 새문안로 29 (평동)1522-3232,종로구,37.568546,126.967560,스타벅스
419,종로평창동,서울특별시 종로구 평창12길 3 (평창동)1522-3232,종로구,37.606149,126.967213,스타벅스
420,광화문우체국,서울특별시 종로구 종로 6 (서린동)1522-3232,종로구,37.569854,126.978083,스타벅스
421,더종로R,서울특별시 종로구 종로 51 (종로2가)1522-3232,종로구,37.570804,126.983494,스타벅스
422,독립문역,서울특별시 종로구 송월길 155 경희궁자이 4단지 1층 팰리스애비뉴 4114~4119호1522-3232,종로구,37.571432,126.961269,스타벅스
423,정부서울청사R,서울특별시 종로구 새문안로5가길 28 (적선동)1522-3232,종로구,37.574411,126.973571,스타벅스
424,동묘앞역,"서울특별시 종로구 종로 344 (숭인동, 대우디오빌) 101호 일부, 201호 일부1522-3232",종로구,37.572700,127.016072,스타벅스
425,종로구청,서울특별시 종로구 삼봉로 71 (수송동)1522-3232,종로구,37.572662,126.981138,스타벅스
426,북촌로,서울특별시 종로구 북촌로4길 23 (계동)1522-3232,종로구,37.579462,126.986431,스타벅스
427,종로수송,서울특별시 종로구 종로5길 30 (청진동) 1~3층1522-3232,종로구,37.5714931,126.9807831,스타벅스
428,새문안로,서울특별시 종로구 새문안로 92 (신문로1가) 광화문오피시아빌딩1522-3232,종로구,37.5696597,126.9748903,스타벅스
429,안국,서울특별시 종로구 북촌로 5-1 (재동)1522-3232,종로구,37.577338,126.985635,스타벅스
430,삼청동,서울특별시 종로구 삼청로 111-1 (삼청동)1522-3232,종로구,37.585381,126.9817512,스타벅스
431,광화문D타워,서울특별시 종로구 종로3길 17 (청진동) D타워1522-3232,종로구,37.5714,126.9788297,스타벅스
432,적선,"서울특별시 종로구 새문안로5길 55, 노스게이트빌딩 1층 (적선동)1522-3232",종로구,37.57520431,126.9739361,스타벅스
433,인사,서울특별시 종로구 인사동길 14 (인사동)1522-3232,종로구,37.5721293,126.98703490000002,스타벅스
434,광화문,서울특별시 종로구 세종대로 167 (세종로)1522-3232,종로구,37.5712293,126.9762872,스타벅스
435,성대입구,서울특별시 종로구 창경궁로 235 (명륜3가)1522-3232,종로구,37.582892,126.998392,스타벅스
436,스페이스본,서울특별시 종로구 사직로8길 4 (사직동) 광화문 풍림스페이스본1522-3232,종로구,37.57532212,126.9692494,스타벅스
437,주얼리시티,서울특별시 종로구 종로 183 (인의동) 효성주얼리시티1522-3232,종로구,37.57154914,126.998705,스타벅스
438,종각,서울특별시 종로구 종로 64 (종로2가)1522-3232,종로구,37.5699183,126.98452810000003,스타벅스
439,동숭로아트,서울특별시 종로구 동숭길 110 (동숭동)1522-3232,종로구,37.582969,127.003876,스타벅스
440,종로관철,"서울특별시 종로구 종로12길 21, 2층 (관철동)1522-3232",종로구,37.569058,126.986013,스타벅스
441,경복궁역,"서울특별시 종로구 자하문로4길 6, 1층 (통의동)1522-3232",종로구,37.5771508,126.97274530000004,스타벅스
442,이마빌딩,서울특별시 종로구 종로1길 42 (수송동)1522-3232,종로구,37.5738637,126.97897149999994,스타벅스
443,마로니에공원,"서울특별시 종로구 대학로 116, 1-2층 (동숭동)1522-3232",종로구,37.58154296,127.0023412,스타벅스
444,종로3가,"서울특별시 종로구 종로 113-1, 1-4층 (종로3가)1522-3232",종로구,37.5705527,126.9902055,스타벅스
445,대학로,"서울특별시 종로구 대학로 57, 홍익대학교 대학로캠퍼스 內 (연건동)1522-3232",종로구,37.576509,127.001449,스타벅스
446,경복궁사거리,"서울특별시 종로구 율곡로 6, B동 101호(중학동, 트윈트리타워)1522-3232",종로구,37.575578,126.980581,스타벅스
447,종로관수,서울특별시 종로구 삼일대로20길 13 (관수동)1522-3232,종로구,37.569385,126.988665,스타벅스
448,광화문교보문고,서울특별시 종로구 종로 1 (종로1가)1522-3232,종로구,37.571017,126.977937,스타벅스
449,정동,서울특별시 종로구 새문안로 42 (신문로2가)1522-3232,종로구,37.568578,126.970067,스타벅스
450,종로플레이스,서울특별시 종로구 창경궁로 120 (인의동)1522-3232,종로구,37.57319,126.998309,스타벅스
451,강북삼성병원1층,서울특별시 종로구 새문안로 29 (평동)1522-3232,종로구,37.568546,126.96756,스타벅스
452,동숭길입구,서울특별시 종로구 대학로 146 (혜화동)1522-3232,종로구,37.584236,127.002014,스타벅스
453,서울대치과병원,서울특별시 종로구 대학로 101 서울대학교 치과병원 신관1층1522-3232,종로구,37.57790,126.99965,스타벅스
454,서대문역,서울특별시 종로구 통일로 134 (평동)1522-3232,종로구,37.56670,126.96629,스타벅스
455,숭례문북창,서울특별시 중구 세종대로12길 12 (남대문로4가)1522-3232,중구,37.561725,126.976838,스타벅스
456,을지로4가역,서울특별시 중구 을지로 170 (을지로4가)1522-3232,중구,37.566682,126.997285,스타벅스
457,동대문두타,서울특별시 중구 장충단로 275 (을지로6가)1522-3232,중구,37.56892512604548,127.00878383484597,스타벅스
458,대한상공회의소R,서울특별시 중구 세종대로 39 (남대문로4가) 1층1522-3232,중구,37.560938,126.973702,스타벅스
459,국립중앙의료원,서울특별시 중구 을지로 251 (을지로6가)1522-3232,중구,37.5665160,127.0062376,스타벅스
460,동국대,서울특별시 중구 서애로 1길 111522-3232,중구,37.561542,126.998437,스타벅스
461,신세계본점5F,서울특별시 중구 소공로 63 (충무로1가)1522-3232,중구,37.560951,126.981134,스타벅스
462,을지로내외빌딩R,서울특별시 중구 을지로 51 (을지로2가)1522-3232,중구,37.566479,126.983663,스타벅스
463,대우재단빌딩,서울특별시 중구 퇴계로 18 (남대문로5가)1522-3232,중구,37.556781,126.975081,스타벅스
464,동대문공원,서울특별시 중구 장충단로 229 (광희동1가)1522-3232,중구,37.565133,127.007191,스타벅스
465,을지로국제빌딩,서울특별시 중구 남대문로 109 (다동)1522-3232,중구,37.566952,126.982219,스타벅스
466,동대입구역,서울특별시 중구 장충단로 166 (장충동1가)1522-3232,중구,37.559593,127.006142,스타벅스
467,신당역사거리,서울특별시 중구 다산로 258 (흥인동)1522-3232,중구,37.565807,127.016430,스타벅스
468,연세세브란스,서울특별시 중구 통일로 10 (남대문로5가)1522-3232,중구,37.557207,126.97354,스타벅스
469,회현역,서울특별시 중구 퇴계로 72 (회현동) 리더스뷰남산1522-3232,중구,37.5589809,126.98074670000005,스타벅스
470,을지로경기빌딩,서울특별시 중구 남대문로10길 9 (삼각동) 경기빌딩1522-3232,중구,37.567172,126.983156,스타벅스
471,을지로2가,서울특별시 중구 삼일대로 358 (을지로2가)1522-3232,중구,37.566347,126.988066,스타벅스
472,신세계본점6F,서울특별시 중구 퇴계로 77 (충무로1가)1522-3232,중구,37.560381,126.980758,스타벅스
473,서울중앙우체국,서울특별시 중구 소공로 70 (충무로 1가) 서울 중앙 우체국1522-3232,중구,37.561678,126.982117,스타벅스
474,한국프레스센터,서울특별시 중구 세종대로 124 (태평로1가)1522-3232,중구,37.567381,126.977859,스타벅스
475,명동중앙로,서울특별시 중구 명동길 60 (명동 2가)1522-3232,중구,37.5637485,126.9857723,스타벅스
476,약수역,서울특별시 중구 다산로 129 (신당동)1522-3232,중구,37.555437,127.0107253,스타벅스
477,중구저동,서울특별시 중구 수표로 34 (저동2가)1522-3232,중구,37.5643686,126.9903382,스타벅스
478,명동길,서울특별시 중구 명동10길 411522-3232,중구,37.5620695,126.9858669,스타벅스
479,서소문로,서울특별시 중구 서소문로 120 (서소문동) 대한빌딩1522-3232,중구,37.563006,126.974546,스타벅스
480,신당역,"서울특별시 중구 퇴계로 385, 1층 (흥인동)1522-3232",중구,37.565522,127.014554,스타벅스
481,명동메트로,서울특별시 중구 명동9가길 14 (을지로1가) 메트로호텔1522-3232,중구,37.565118,126.983681,스타벅스
482,숭례문,"서울특별시 중구 세종대로 17, 와이즈타워 1층 (남대문로5가)1522-3232",중구,37.55874473,126.9730952,스타벅스
483,순화동더샵,"서울특별시 중구 칠패로 27, 1층 (순화동)1522-3232",중구,37.560072,126.971931,스타벅스
484,대한극장,"서울특별시 중구 퇴계로 212 (필동2가) 1,2층1522-3232",중구,37.56105065,126.9952735,스타벅스
485,환구단,서울특별시 중구 소공로 112 (소공동)1522-3232,중구,37.564448,126.979157,스타벅스
486,무교동,서울특별시 중구 무교로 21 (무교동) 코오롱빌딩 1층1522-3232,중구,37.56781712,126.978738,스타벅스
487,문화일보,서울특별시 중구 새문안로 22 (충정로1가) 문화일보1522-3232,중구,37.56712291,126.9686642,스타벅스
488,태평로,"서울특별시 중구 세종대로 72, 대영빌딩 1층 (태평로2가)1522-3232",중구,37.56248285,126.9767928,스타벅스
489,퍼시픽타워,"서울특별시 중구 세종대로9길 41, 퍼시픽타워 1층 (서소문동)1522-3232",중구,37.56132157,126.9730264,스타벅스
490,남산단암,"서울특별시 중구 소월로 10, 단암빌딩 (남대문로5가)1522-3232",중구,37.55853622,126.9754585,스타벅스
491,황학캐슬,서울특별시 중구 청계천로 400 (황학동) 롯데캐슬베네치아1522-3232,중구,37.57124,127.022905,스타벅스
492,을지로삼화타워,서울특별시 중구 을지로5길 16 (을지로2가) 1층1522-3232,중구,37.566902,126.984707,스타벅스
493,소공로,"서울특별시 중구 남대문로7길 19, 삼영빌딩 1층 일부 (소공동)1522-3232",중구,37.5637273,126.98076809999998,스타벅스
494,서소문배재,서울특별시 중구 서소문로 99 (서소문동)1522-3232,중구,37.5628481,126.97216639999999,스타벅스
495,을지로한국빌딩,"서울특별시 중구 을지로 50, 1층 (을지로 2가)1522-3232",중구,37.565722,126.98329,스타벅스
496,KG타워,서울특별시 중구 통일로 92 (순화동) KG타워1522-3232,중구,37.563528,126.969144,스타벅스
497,시청,"서울특별시 중구 을지로 19, 삼성화재삼성빌딩 1층 (을지로1가)1522-3232",중구,37.566290,126.979808,스타벅스
498,충무로역,"서울특별시 중구 퇴계로 197, 충무빌딩 1층 (필동 2가)1522-3232",중구,37.561499,126.993864,스타벅스
499,명동역,"서울특별시 중구 퇴계로 101, 건물 전체 (충무로 1가)1522-3232",중구,37.56102,126.98312,스타벅스
500,명동입구,서울특별시 중구 남대문로 68-1 (명동2가)1522-3232,중구,37.563319,126.982242,스타벅스
501,무교로,서울특별시 중구 무교로 15 (무교동)1522-3232,중구,37.567399,126.978900,스타벅스
502,청계크리스탈스퀘어,서울특별시 중구 청계천로 106 (수표동)1522-3232,중구,37.5679,126.98933,스타벅스
503,숭례문SG타워,서울특별시 중구 세종대로 14 (남대문로5가)1522-3232,중구,37.5581293,126.9742637,스타벅스
504,레스케이프호텔R,서울특별시 중구 퇴계로 67 (회현동1가)1522-3232,중구,37.5598346,126.9794946,스타벅스
505,별다방,서울특별시 중구 퇴계로 100 (회현동2가)1522-3232,중구,37.5602013,126.9829327,스타벅스
506,포포인츠명동,서울특별시 중구 삼일대로10길 36 (저동2가)1522-3232,중구,37.5657211,126.9893426,스타벅스
507,명동남산,서울특별시 중구 퇴계로 132 (남산동3가)1522-3232,중구,37.560809,126.986397,스타벅스
508,명일역,서울특별시 강동구 양재대로 1647 (명일동)1522-3232,강동구,37.552580,127.143799,스타벅스
509,강동구청DT,서울특별시 강동구 성내로 32 (성내동)1522-3232,강동구,37.529437,127.123835,스타벅스
510,강동암사DT,서울특별시 강동구 고덕로 43 (암사동)1522-3232,강동구,37.555054,127.130065,스타벅스
511,굽은다리역,"서울특별시 강동구 양재대로 1568 (명일동, 원일타워)1522-3232",강동구,37.545403,127.143101,스타벅스
512,강동역,"서울특별시 강동구 천호대로 1089 (천호동, 강동 헤르셔)1522-3232",강동구,37.536047,127.133086,스타벅스
513,둔촌동,서울특별시 강동구 양재대로 1303 (성내동) 평원빌딩1522-3232,강동구,37.522724,127.133943,스타벅스
514,천호로데오,서울특별시 강동구 천호대로 1037 (천호동)1522-3232,강동구,37.5378069,127.12730940000006,스타벅스
515,천호이마트,서울특별시 강동구 천호대로 1015-14 (천호동) 이마트별관1522-3232,강동구,37.538933,127.125214,스타벅스
516,길동역,서울특별시 강동구 양재대로 1487 (길동)1522-3232,강동구,37.5387433,127.1399879,스타벅스
517,상일동,"서울특별시 강동구 상일로10길 36, 1~2층 (상일동)1522-3232",강동구,37.5507989598659,127.174104292142,스타벅스
518,천호역,"서울특별시 강동구 천호대로 1012, 태승빌딩 (성내동)1522-3232",강동구,37.53795191,127.1245793,스타벅스
519,명일이마트,서울특별시 강동구 동남로75길 5 (명일동) 명일이마트별관주차장1522-3232,강동구,37.553991,127.155984,스타벅스
520,상일동역,"서울특별시 강동구 고덕로 399 (고덕동, 고덕센트럴푸르지오)1522-3232",강동구,37.55754181615496,127.17072672474717,스타벅스
521,천호사거리,서울특별시 강동구 올림픽로 651 (천호동)1522-3232,강동구,37.539702,127.123542,스타벅스
522,강일역,"서울특별시 강동구 고덕로 429 (강일동), 1층1522-3232",강동구,37.55747468801038,127.17351070838722,스타벅스
523,올림픽공원북2문,서울특별시 강동구 강동대로 199 (성내동)1522-3232,강동구,37.5241832,127.1286775,스타벅스
524,천호대로길동,서울특별시 강동구 천호대로 1131 거산 유팰리스1522-3232,강동구,37.534651,127.137210,스타벅스
525,신도림,서울특별시 구로구 경인로 610 (신도림동)1522-3232,구로구,37.505517,126.883953,스타벅스
526,구로디지털타워,서울특별시 구로구 디지털로32길 30 (구로동)1522-3232,구로구,37.483432,126.896480,스타벅스
527,오류동역,서울특별시 구로구 경인로 216 (오류동)1522-3232,구로구,37.4962155,126.8448614,스타벅스
528,구로디지털로,"서울특별시 구로구 디지털로33길 11, 에이스테크노8차 1층 (구로동)1522-3232",구로구,37.485911,126.895587,스타벅스
529,구로에이스,"서울특별시 구로구 디지털로 285, 에이스트윈타워1차 103호 (구로동)1522-3232",구로구,37.48448329,126.8944957,스타벅스
530,구로하이엔드,"서울특별시 구로구 디지털로26길 5, 에이스하이엔드타워1차 103호 (구로동)1522-3232",구로구,37.481618,126.893136,스타벅스
531,현대디큐브2F,서울특별시 구로구 경인로 662 (신도림동)1522-3232,구로구,37.508636,126.889225,스타벅스
532,구로호텔,"서울특별시 구로구 디지털로32길 72, 구로호텔 1층 (구로동)1522-3232",구로구,37.4831293,126.89885909999998,스타벅스
533,현대디큐브B2,서울특별시 구로구 경인로 662 (신도림동)1522-3232,구로구,37.508828,126.889488,스타벅스
534,구로고척,서울특별시 구로구 경인로 387 (고척동)1522-3232,구로구,37.49706,126.86315,스타벅스
535,구로NC,서울특별시 구로구 구로중앙로 152 (구로동) 구로NC1522-3232,구로구,37.501219,126.882798,스타벅스
536,구로오류DT,서울특별시 구로구 서해안로 2233 (오류동)1522-3232,구로구,37.4881292318832,126.834491889841,스타벅스
537,구로구청,"서울특별시 구로구 가마산로 232 (구로동, 스페스큐브), B101호1522-3232",구로구,37.49395067031256,126.88676120707717,스타벅스
538,답십리역,서울특별시 동대문구 천호대로 263 (답십리동)1522-3232,동대문구,37.568466,127.051106,스타벅스
539,경희대삼거리,서울특별시 동대문구 회기로 141 (회기동)1522-3232,동대문구,37.591531,127.052017,스타벅스
540,외대정문,서울특별시 동대문구 이문로 93 (이문동)1522-3232,동대문구,37.5953464,127.0590302,스타벅스
541,신설동역,서울특별시 동대문구 왕산로 19 (신설동)1522-3232,동대문구,37.5767228,127.0255446,스타벅스
542,회기역사거리,서울특별시 동대문구 이문로 37 (회기동)1522-3232,동대문구,37.590784,127.056098,스타벅스
543,외대,서울특별시 동대문구 휘경로 12-1 (이문동)1522-3232,동대문구,37.59575188,127.0614002,스타벅스
544,장한평역,서울특별시 동대문구 장한로 10 (장안동)1522-3232,동대문구,37.562337,127.065511,스타벅스
545,경희대,서울특별시 동대문구 경희대로 16-1 (회기동)1522-3232,동대문구,37.5928812,127.05280849999997,스타벅스
546,청량리역사,서울특별시 동대문구 왕산로 214 (전농동)1522-3232,동대문구,37.57945,127.04785,스타벅스
547,서울숲역,서울특별시 성동구 왕십리로 50 (성수동1가) 1층1522-3232,성동구,37.542075,127.044961,스타벅스
548,금호역,서울특별시 성동구 동호로 99 (금호동4가)1522-3232,성동구,37.5479939,127.0153343,스타벅스
549,뚝섬역,서울특별시 성동구 아차산로 42 (성수동1가)1522-3232,성동구,37.546432,127.049042,스타벅스
550,황학사거리,"서울특별시 성동구 왕십리로 410 (하왕십리동, 센트라스)1522-3232",성동구,37.567644,127.023697,스타벅스
551,성수역,서울특별시 성동구 성수이로 94 (성수동2가)1522-3232,성동구,37.543193,127.056943,스타벅스
552,상왕십리역,서울특별시 성동구 왕십리로 382 (하왕십리동)1522-3232,성동구,37.565169,127.027907,스타벅스
553,왕십리역,서울특별시 성동구 왕십리로 326 (도선동)1522-3232,성동구,37.5627541,127.0339072,스타벅스
554,한양대,"서울특별시 성동구 왕십리로 225 (행당동) 1,2층1522-3232",성동구,37.55726984,127.0421649,스타벅스
555,엔터식스,서울특별시 성동구 왕십리광장로 17 (행당동)1522-3232,성동구,37.56175811,127.0383328,스타벅스
556,성수이마트,서울특별시 성동구 뚝섬로 379 (성수동2가) 이마트 성수점1522-3232,성동구,37.5396996,127.0530083,스타벅스
557,성수,서울특별시 성동구 아차산로 104 (성수동2가)1522-3232,성동구,37.5444620830457,127.055413311106,스타벅스
558,옥수,서울특별시 성동구 독서당로 202 (옥수동)1522-3232,성동구,37.5430298,127.0133661,스타벅스
559,성수낙낙,서울특별시 성동구 광나루로8길 31 (성수동2가) 성수낙낙 1층 101~107호1522-3232,성동구,37.547326,127.066367,스타벅스
560,효창공원앞역,"서울특별시 용산구 백범로 313 (효창동, 용산 롯데캐슬 센터포레)1522-3232",용산구,37.539305,126.963060,스타벅스
561,서울역서부,서울특별시 용산구 만리재로 202 (서계동)1522-3232,용산구,37.555165,126.968446,스타벅스
562,이태원역,서울특별시 용산구 이태원로 188 (이태원동)1522-3232,용산구,37.534273,126.994789,스타벅스
563,한강진역R,서울특별시 용산구 이태원로 252 (한남동)1522-3232,용산구,37.537131,127.00098,스타벅스
564,용산역써밋R,"서울특별시 용산구 한강대로 69 (한강로2가, 용산푸르지오써밋)1522-3232",용산구,37.527586,126.965401,스타벅스
565,이촌,서울특별시 용산구 이촌로 276 (이촌동)1522-3232,용산구,37.518605,126.977271,스타벅스
566,신용산역,"서울특별시 용산구 한강대로 95 (한강로2가, 래미안용산)1522-3232",용산구,37.528702,126.966757,스타벅스
567,용산파크타워,"서울특별시 용산구 서빙고로 67 (용산동5가, 파크타워)1522-3232",용산구,37.523818,126.970389,스타벅스
568,남영동,서울특별시 용산구 한강대로 275 (갈월동)1522-3232,용산구,37.542831,126.972242,스타벅스
569,한남동R,서울특별시 용산구 독서당로 94 (한남동)1522-3232,용산구,37.53485,127.010919,스타벅스
570,서울타워,서울특별시 용산구 남산공원길 105 (용산동2가) YTN서울타워 1층1522-3232,용산구,37.551102,126.988317,스타벅스
571,서울역동자동,서울특별시 용산구 한강대로 372 (동자동)1522-3232,용산구,37.551752,126.972694,스타벅스
572,순천향입구,서울특별시 용산구 대사관로 67 (한남동)1522-3232,용산구,37.533394,127.00563,스타벅스
573,숙대,서울특별시 용산구 청파로47길 57 (청파동3가)1522-3232,용산구,37.54460479,126.9672252,스타벅스
574,동빙고,서울특별시 용산구 장문로 12 (동빙고동)1522-3232,용산구,37.5289857,126.991782,스타벅스
575,숙대입구역,서울특별시 용산구 한강대로 291 (갈월동)1522-3232,용산구,37.544118,126.971891,스타벅스
576,용산아이파크몰,서울특별시 용산구 한강대로23길 551522-3232,용산구,37.5288539,126.96404469999993,스타벅스
577,동부이촌동,서울특별시 용산구 이촌로 198 (이촌동)1522-3232,용산구,37.52111,126.96905,스타벅스
578,숙명여대정문,서울특별시 용산구 청파로47길 100 (청파동2가) 프라임관B1F(로비층)1522-3232,용산구,37.54474797,126.96484196,스타벅스
579,용산해링턴스퀘어,서울특별시 용산구 서빙고로 17 (한강로3가)1522-3232,용산구,37.5258562,126.9676442,스타벅스
580,경리단길,서울특별시 용산구 회나무로 3 (이태원동)1522-3232,용산구,37.53854,126.98737,스타벅스
581,서울역사,서울특별시 용산구 한강대로 405 (동자동) 신-101호1522-3232,용산구,37.55415699928705,126.97179361292846,스타벅스
582,용산리첸시아,"서울특별시 용산구 백범로 341 (원효로1가, 리첸시아 용산)1522-3232",용산구,37.538571,126.967409,스타벅스
583,포포인츠서울역,서울특별시 용산구 한강대로 366 (동자동)1522-3232,용산구,37.55126,126.97273,스타벅스
584,용산전자랜드,서울특별시 용산구 청파로 74 (한강로3가)1522-3232,용산구,37.53286105987034,126.96100091132484,스타벅스
585,상봉,"서울특별시 중랑구 상봉로 131 (상봉동, 상봉 듀오트리스 주상복합)1522-3232",중랑구,37.597842,127.092509,스타벅스
586,중랑역,서울특별시 중랑구 망우로30길 3 (상봉동)1522-3232,중랑구,37.5930326,127.07473579999998,스타벅스
587,중랑구청,서울특별시 중랑구 신내로 721522-3232,중랑구,37.60538908,127.0957558,스타벅스
588,사가정역,서울특별시 중랑구 면목로 3101522-3232,중랑구,37.579594,127.087966,스타벅스
589,상봉역,서울특별시 중랑구 망우로 307 (상봉동)1522-3232,중랑구,37.59689,127.08647,스타벅스
590,묵동,"서울특별시 중랑구 동일로 952 (묵동, 로프트원 태릉입구역) 1층1522-3232",중랑구,37.615368,127.076633,스타벅스
591,양원역,서울특별시 중랑구 양원역로10길 3 (망우동)1522-3232,중랑구,37.6066536267232,127.106359790053,스타벅스
592,중화역,서울특별시 중랑구 봉화산로 35 1522-3232,중랑구,37.60170912407773,127.07841136432036,스타벅스
593,강남YMCA점,서울 강남구 논현동,강남구,37.5135304,127.0315341,이디야
594,강남구청역아이티웨딩점,"서울 강남구 학동로 338 (논현동, 강남파라곤)",강남구,37.5164665,127.0404191,이디야
595,강남논현학동점,서울 강남구 논현로131길 28 (논현동),강남구,37.5142272,127.0286662,이디야
596,강남대치점,"서울 강남구 역삼로 415 (대치동, 성진빌딩)",강남구,37.5042957,127.0630527,이디야
597,강남도산점,서울 강남구 도산대로37길 20 (신사동),강남구,37.5222413,127.0314815,이디야
598,강남세곡점,"서울 강남구 헌릉로569길 9 (세곡동, 강남지웰파인즈)",강남구,37.4669731,127.1005262,이디야
599,강남율현점,"서울 강남구 밤고개로21길 8 (율현동, 세곡프라자)",강남구,37.4696592,127.1130202,이디야
600,강남자곡점,"서울 강남구 자곡로 180 (자곡동, 강남유탑유블레스)",강남구,37.4734846,127.1030979,이디야
601,개포동역점,"서울 강남구 개포로82길 11 (개포동, 삼우빌딩)",강남구,37.4885214,127.0674325,이디야
602,건설회관점,서울 강남구 언주로 711 (논현동),강남구,37.5163003,127.0299123,이디야
603,대청역점,"서울 강남구 개포로109길 34 (개포동, 대청프라자)",강남구,37.4941735,127.0776294,이디야
604,대치역점,"서울 강남구 남부순환로 2937 (대치동, 까치빌딩)",강남구,37.4941007,127.061519,이디야
605,도곡2동점,"서울 강남구 논현로 142 (도곡동, 동현빌딩)",강남구,37.4824351,127.0429933,이디야
606,도산사거리점,서울 강남구 논현동 ,강남구,37.5135304,127.0315341,이디야
607,삼성대치점,"서울 강남구 삼성로64길 32 (대치동, 주성빌딩)",강남구,37.5004466,127.0627992,이디야
608,삼성동점,서울 강남구 테헤란로88길 10 (대치동),강남구,37.5068062,127.0594495,이디야
609,삼성중앙역점,"서울 강남구 삼성로 608 (삼성동, 우창빌딩)",강남구,37.50796,127.0565469,이디야
610,삼성한전점,서울 강남구 테헤란로107길 11 (삼성동),강남구,37.5103908,127.0650442,이디야
611,선릉사거리점,"서울 강남구 선릉로 519 (역삼동, 삼능빌딩)",강남구,37.505905,127.047937,이디야
612,선릉역점,"서울 강남구 테헤란로 332 (역삼동, HJ타워)",강남구,37.50383619999999,127.0481703,이디야
613,선정릉역점,서울 강남구 봉은사로 326 (역삼동),강남구,37.5096114,127.042657,이디야
614,수서역점,"서울 강남구 광평로 280 (수서동, 로즈데일오피스텔)",강남구,37.4872829,127.1031088,이디야
615,신사역점,서울 강남구 압구정로2길 62 (신사동),강남구,37.5177352,127.0214289,이디야
616,신사점,서울 강남구 도산대로 118 (논현동),강남구,37.5165111,127.0218046,이디야
617,압구정로데오역점,서울 강남구 선릉로161길 20 (신사동),강남구,37.5274922,127.0388195,이디야
618,압구정점,서울 강남구 신사동,강남구,37.524124,127.022883,이디야
619,역삼더블루점,"서울 강남구 논현로63길 16 (역삼동, 역삼종합시장 더블루)",강남구,37.4938222,127.0385342,이디야
620,역삼상록점,"서울 강남구 테헤란로43길 18 (역삼동, SC빌딩)",강남구,37.5043993,127.0440514,이디야
621,역삼역점,서울 강남구 테헤란로25길 17 (역삼동),강남구,37.5017498,127.0352364,이디야
622,역삼월드점,"서울 강남구 역삼로52길 14 (역삼동, 도곡프라자)",강남구,37.4985129,127.0479773,이디야
623,역삼점,서울 강남구 논현로72길 13 (역삼동),강남구,37.49579,127.0405163,이디야
624,역삼중앙점,서울 강남구 언주로81길 8 (역삼동),강남구,37.4997267,127.041232,이디야
625,역삼초교점,서울 강남구 강남대로 314 (역삼동),강남구,37.4999072,127.0373932,이디야
626,역삼충현점,서울 강남구 논현로98길 7 (역삼동),강남구,37.5036583,127.0373687,이디야
627,역삼플래티넘점,"서울 강남구 테헤란로4길 46 (역삼동, 쌍용플래티넘밸류)",강남구,37.4953323,127.0303725,이디야
628,을지병원사거리점,서울 강남구 도산대로30길 7 (논현동),강남구,37.5193645,127.0294202,이디야
629,이디야커피랩,"서울 강남구 논현로 636 (논현동, 이디야빌딩)",강남구,37.5104381,127.032971,이디야
630,일원동점,서울 강남구 양재대로27길 20 (일원동),강남구,37.4899283,127.081772,이디야
631,청담사거리점,서울 강남구 도산대로 521 (청담동),강남구,37.5248364,127.0503603,이디야
632,청담역점,"서울 강남구 삼성로 721 (청담동, 룩희 819)",강남구,37.5200294,127.0491395,이디야
633,포이사거리점,서울 강남구 개포로 218 (개포동),강남구,37.4784579,127.0465991,이디야
634,학동역점,"서울 강남구 학동로 219 (논현동, 국제빌딩)",강남구,37.5107095,127.0443813,이디야
635,학동제마점,서울 강남구 학동로34길 22 (논현동),강남구,37.51308,127.0336405,이디야
636,한티역점,서울 강남구 도곡로69길 8 (대치동),강남구,37.49790960000001,127.0561038,이디야
637,4.19사거리점,서울 강북구 삼양로 501 (수유동),강북구,37.6478542,127.0142169,이디야
638,가오리역점,서울 강북구 삼각산로 108 (수유동),강북구,37.6405639,127.0161466,이디야
639,강북경찰서점,서울 강북구 오패산로 403 (번동),강북구,37.63684689999999,127.0269808,이디야
640,광산사거리점,"서울 강북구 노해로 91 (수유동, 진흥빌딩)",강북구,37.6439109,127.0219539,이디야
641,미아꿈의숲해링턴점,"서울 강북구 오현로 45 (미아동, 꿈의숲 해링턴 플레이스)",강북구,37.6185566,127.034085,이디야
642,미아삼거리역점,서울 강북구 도봉로10길 28 (미아동),강북구,37.6138407,127.0310049,이디야
643,미아삼거리점,"서울 강북구 도봉로 45 (미아동, 숭인시장)",강북구,37.6130238,127.0289642,이디야
644,미아송천점,서울 강북구 삼양로 118 (미아동),강북구,37.6143905,127.0224052,이디야
645,미아역점,서울 강북구 도봉로 207 -3(미아동),강북구,37.6319203,127.0280953,이디야
646,미아중앙점,서울 강북구 도봉로 128 (미아동),강북구,37.62042840000001,127.0287354,이디야
647,번동점,"서울 강북구 오현로 194 (번동, 덕수빌딩)",강북구,37.6288338,127.0398506,이디야
648,북한산점,서울 강북구 4.19로 85 (수유동),강북구,37.6316183,127.0229579,이디야
649,삼각산점,서울 강북구 솔샘로40길 3 (미아동),강북구,37.6198769,127.0160092,이디야
650,삼양사거리점,"서울 강북구 솔샘로 254 (미아동, 삼양아케이트)",강북구,37.6193347,127.0207972,이디야
651,삼양시장점,"서울 강북구 삼양로 234 (미아동, 대건빌딩)",강북구,37.6284519,127.0214065,이디야
652,수유1동점,서울 강북구 삼양로 293 (수유동),강북구,37.6295659,127.0176488,이디야
653,수유사거리점,"서울 강북구 덕릉로 82 (수유동, 제네스타워)",강북구,37.6394155,127.0080195,이디야
654,수유역점,서울 강북구 도봉로 355 (수유동),강북구,37.6393061,127.0266927,이디야
655,우이역도선사점,서울 강북구 삼양로173길 21 (우이동),강북구,37.6626046,127.0113765,이디야
656,한신대점,서울 강북구 덕릉로 31 (수유동),강북구,37.6342771,127.0169716,이디야
657,가양역점,서울 강서구 양천로 500 (등촌동),강서구,37.558653,126.8532512,이디야
658,강서nc점,서울 강서구 강서로54길 11 (등촌동),강서구,37.5592805,126.8393255,이디야
659,강서가양동점 ,"서울 강서구 강서로 511 (가양동, 한림타운)",강서구,37.5709705,126.8414444,이디야
660,강서교차로점,"서울 강서구 공항대로 437 (등촌동, 주신기업(주))",강서구,37.555002,126.8559032,이디야
661,강서구청점,"서울 강서구 화곡로 292 (화곡동, 서광프리메라)",강서구,37.5501456,126.8485937,이디야
662,강서한강자이점,서울 강서구 양천로 401 (가양동),강서구,37.563694,126.8336021,이디야
663,개화산역점,"서울 강서구 양천로 28 (방화동, 벽산에어트리움)",강서구,37.5724755,126.8070694,이디야
664,곰달래사거리점,서울 강서구 곰달래로 52 (화곡동),강서구,37.5299176,126.8385803,이디야
665,공항시장역점,"서울 강서구 방화동로 37 (방화동, 메디스타워)",강서구,37.5640044,126.8107915,이디야
666,까치산로점,서울 강서구 까치산로 182 (화곡동),강서구,37.5533329,126.853912,이디야
667,까치산역점,서울 강서구 강서로17길 6 (화곡동),강서구,37.5333847,126.8451896,이디야
668,내발산점,"서울 강서구 강서로 304 (내발산동, 영종빌딩)",강서구,37.5527284,126.8365671,이디야
669,등촌3동점,서울 강서구 공항대로41길 34 (등촌동),강서구,37.5592457,126.8457028,이디야
670,등촌동점,"서울 강서구 공항대로61길 20 (염창동, 우리프리머스)",강서구,37.5523447,126.8664448,이디야
671,등촌역점,서울 강서구 등촌로 217 (등촌동),강서구,37.549111,126.8632654,이디야
672,등촌중앙점,"서울 강서구 등촌로 67 (등촌동, 컴스웨이빌딩)",강서구,37.5360455,126.8631085,이디야
673,렘넌트문화센터점,"서울 강서구 화곡로63길 65 (등촌동, 예원교회)",강서구,37.5579326,126.8491762,이디야
674,마곡나루역점,"서울 강서구 마곡중앙5로 6 (마곡동, 마곡나루역보타닉푸르지오시티)",강서구,37.5673603,126.8275954,이디야
675,마곡대방디엠씨티점,"서울 강서구 양천로 344 (마곡동, 마곡센트럴대방디엠시티오피스텔)",강서구,37.5682963,126.8409671,이디야
676,마곡수명산점,"서울 강서구 수명로 68-27 (내발산동, 웨스트엔드문화센터)",강서구,37.5526355,126.826665,이디야
677,마곡엠밸리점,"서울 강서구 마곡서로 101 (마곡동, 동익드미라벨복합빌딩)",강서구,37.5619185,126.826919,이디야
678,마곡역점,"서울 강서구 공항대로 195 (마곡동, 힐스테이트에코동익)",강서구,37.5764888,126.8307466,이디야
679,마곡중앙점,"서울 강서구 마곡중앙6로 66 (마곡동, 퀸즈파크텐)",강서구,37.5739411,126.8375935,이디야
680,마곡퀸즈파크9점,"서울 강서구 공항대로 247 (마곡동, 퀸즈파크나인)",강서구,37.5594439,126.8342748,이디야
681,마곡파인스퀘어점,"서울 강서구 마곡중앙4로 22 (마곡동, 파인스퀘어)",강서구,37.5714215,126.8355464,이디야
682,마곡헤리움점,"서울 강서구 마곡중앙5로1길 25 (마곡동, 마곡헤리움2차)",강서구,37.569266,126.826403,이디야
683,발산역점,서울 강서구 공항대로 280 (내발산동),강서구,37.54828639999999,126.8194521,이디야
684,방화동로점,서울 강서구 방화동로 95 (방화동),강서구,37.5690525,126.8126438,이디야
685,방화사거리점,"서울 강서구 양천로 72 (방화동, 해성빌딩)",강서구,37.5729862,126.8076185,이디야
686,방화역점,"서울 강서구 금낭화로 146 (방화동, 오피앙)",강서구,37.5781558,126.8132929,이디야
687,서울공진초교점,"서울 강서구 마곡중앙1로 26 (마곡동, 마곡엠리체)",강서구,37.574814,126.8385818,이디야
688,송정역점,서울 강서구 공항대로 24 (공항동),강서구,37.5619449,126.8126966,이디야
689,신방화역점,"서울 강서구 마곡중앙5로 81 (마곡동, 에스비타운)",강서구,37.5759888,126.8315356,이디야
690,신방화중앙점,"서울 강서구 방화대로34길 92 (방화동, 불해빌딩)",강서구,37.5708766,126.8213439,이디야
691,양천향교역점,서울 강서구 강서로 462 (등촌동),강서구,37.5665739,126.8413981,이디야
692,염창동점,서울 강서구 양천로 689 (염창동),강서구,37.5505196,126.8728804,이디야
693,염창블루나인점,서울 강서구 양천로 583 (염창동),강서구,37.556904,126.8642901,이디야
694,우장산동점,서울 강서구 우현로 15 (화곡동),강서구,37.547128,126.8436128,이디야
695,우장산역점,서울 강서구 강서로45길 5 (화곡동),강서구,37.5478163,126.8358119,이디야
696,화곡남부시장점,서울 강서구 등촌로5길 80 (화곡동),강서구,37.5330576,126.8589924,이디야
697,화곡로점,서울 강서구 화곡로 133 (화곡동),강서구,37.54079309999999,126.8364778,이디야
698,화곡본동시장점,서울 강서구 까치산로4길 11 (화곡동),강서구,37.5421805,126.8442573,이디야
699,화곡사거리점,서울 강서구 곰달래로 135 (화곡동),강서구,37.5307235,126.8479086,이디야
700,화곡중앙시장점,서울 강서구 가로공원로76길 61 (화곡동),강서구,37.5343836,126.8382576,이디야
701,화곡중앙점 ,서울 강서구 까치산로 79 (화곡동),강서구,37.5457288,126.8474016,이디야
702,관악우성점,서울 관악구 관악로 232 (봉천동),관악구,37.4849221,126.9559971,이디야
703,관악하나로마트점,"서울 관악구 남부순환로 1369 (신림동, 관악농협농산물백화점)",관악구,37.4800943,126.9028959,이디야
704,낙성대역점,서울 관악구 남부순환로 1915 (봉천동),관악구,37.477862,126.9621916,이디야
705,난곡사거리점,서울 관악구 남부순환로 1444 (신림동),관악구,37.4893951,126.9251765,이디야
706,난향동점,서울 관악구 난곡로 60 (신림동),관악구,37.4607674,126.9193864,이디야
707,남현홈플러스점,"서울 관악구 과천대로 909 (남현동, 남현프라자)",관악구,37.471482,126.9826404,이디야
708,녹두거리점,서울 관악구 신림로 91 (신림동),관악구,37.47029879999999,126.9390781,이디야
709,당곡사거리점,서울 관악구 봉천로 245 (봉천동),관악구,37.4892526,126.9290254,이디야
710,보라매중앙점,"서울 관악구 보라매로 62 (봉천동, 보라매삼성아파트)",관악구,37.4940971,126.9278545,이디야
711,봉일시장점,서울 관악구 은천로 23 (봉천동),관악구,37.4863629,126.9379113,이디야
712,봉천역점,서울 관악구 남부순환로 1725 (봉천동),관악구,37.4826457,126.9418783,이디야
713,봉천중앙점,서울 관악구 남부순환로 1874 (봉천동),관악구,37.4789698,126.9577375,이디야
714,사당중앙점,서울 관악구 과천대로 951 (남현동),관악구,37.475496,126.9812655,이디야
715,서울대중앙점,서울 관악구 남부순환로216길 2 (봉천동),관악구,37.4813377,126.9489838,이디야
716,신대방역점,서울 관악구 난곡로 368 (신림동),관악구,37.48680909999999,126.9137478,이디야
717,신림난곡점,서울 관악구 난곡로 197 (신림동),관악구,37.47253,126.9189265,이디야
718,신림남부초교점,서울 관악구 남부순환로 1541-1 (신림동),관악구,37.48336219999999,126.921872,이디야
719,신림대학동점,서울 관악구 호암로26길 17 (신림동),관악구,37.4707098,126.9345955,이디야
720,신림문화교점,서울 관악구 신림로 262-1 (신림동),관악구,37.478521,126.9326948,이디야
721,신림미성점,서울 관악구 난곡로 250 (신림동),관악구,37.4712962,126.917945,이디야
722,신림신원점,서울 관악구 신원로 16 (신림동),관악구,37.48078539999999,126.9281219,이디야
723,신림신화교점,서울 관악구 신림로 199 (신림동),관악구,37.4754898,126.9361817,이디야
724,신림역점,서울 관악구 신림로 312 (신림동),관악구,37.4821435,126.9301389,이디야
725,신림중앙점,서울 관악구 관천로 52 (신림동),관악구,37.4842993,126.9266142,이디야
726,신림패션문화점,서울 관악구 봉천로6길 24 (신림동),관악구,37.4885801,126.9254188,이디야
727,인헌점,서울 관악구 인헌길 17 (봉천동),관악구,37.4746876,126.9670201,이디야
728,청룡중앙점,"서울 관악구 쑥고개로 80 (봉천동, 제이빌딩)",관악구,37.47917169999999,126.9452559,이디야
729,건대로데오점,서울 광진구 아차산로30길 8 (자양동),광진구,37.5395762,127.0675281,이디야
730,건대스타시티2호점,"서울 광진구 능동로 92 (자양동, 스타시티몰) 지하 2층 201호",광진구,37.538557,127.0729616,이디야
731,건대스타시티점,"서울 광진구 아차산로 272 (자양동, 더샵스타시티)",광진구,37.5376127,127.0726183,이디야
732,건대역점,"서울 광진구 아차산로 229 (화양동, 한림타워)",광진구,37.5407319,127.069008,이디야
733,건대후문점,"서울 광진구 광나루로 416 (화양동, 건회빌딩)",광진구,37.5464057,127.0755739,이디야
734,광나루점,서울 광진구 아차산로 624 (광장동),광진구,37.5536729,127.104248,이디야
735,광진구청점,서울 광진구 자양로 136 (구의동),광진구,37.5397529,127.0833879,이디야
736,구의동점,서울 광진구 아차산로 481 (구의동),광진구,37.5466951,127.0914159,이디야
737,구의사거리점,서울 광진구 광나루로 508 (구의동),광진구,37.5447592,127.0859475,이디야
738,구의역점,서울 광진구 구의로 4 (구의동),광진구,37.5382416,127.0892961,이디야
739,구의자양로점,서울 광진구 자양로 251 (구의동),광진구,37.5489614,127.0892935,이디야
740,군자역점,"서울 광진구 능동로 290 (능동, 삼일빌딩)",광진구,37.5555903,127.0790595,이디야
741,동서울터미널점,서울 광진구 구의동 ,광진구,37.5466951,127.0914159,이디야
742,뚝섬유원지역점,서울 광진구 능동로 21 (자양동),광진구,37.5334659,127.0672262,이디야
743,세종대정문점,서울 광진구 능동로 261 (군자동),광진구,37.5517961,127.075273,이디야
744,세종대후문점,서울 광진구 군자로 109 (군자동),광진구,37.5528372,127.0719826,이디야
745,아차산역점,서울 광진구 천호대로 663 (구의동),광진구,37.55177,127.0902383,이디야
746,어린이대공원역점,서울 광진구 광나루로 380 (화양동),광진구,37.5475795,127.0718667,이디야
747,자양동점,서울 광진구 자양로 46 (자양동),광진구,37.5321373,127.0859522,이디야
748,자양우성점,"서울 광진구 자양번영로 34 (자양동, 제이원하이텔)",광진구,37.5326803,127.0758338,이디야
749,중곡대원점,서울 광진구 용마산로 111 (중곡동),광진구,37.5635558,127.0866291,이디야
750,중곡신성점,"서울 광진구 용마산로 37 (중곡동, 이안빌딩)",광진구,37.598033,127.0940962,이디야
751,중곡역점,서울 광진구 능동로 407 (중곡동),광진구,37.5626197,127.0853672,이디야
752,중곡중앙점,서울 광진구 능동로 330 (중곡동),광진구,37.5624717,127.0959862,이디야
753,가산SKV1점,서울 금천구 가산디지털1로 171 (가산동),금천구,37.4806318,126.8805702,이디야
754,가산그레이트점,서울 금천구 디지털로9길 32 (가산동),금천구,37.4794491,126.8874768,이디야
755,가산대륭19차점,서울 금천구 가산디지털2로 70 (가산동),금천구,37.4746528,126.8822218,이디야
756,가산두산위브점,서울 금천구 가산로 111 (가산동),금천구,37.4755779,126.8929078,이디야
757,가산리더스타워점,서울 금천구 벚꽃로 286 (가산동),금천구,37.4803075,126.8841943,이디야
758,가산벽산점,서울 금천구 벚꽃로 244 (가산동),금천구,37.4767039,126.8857798,이디야
759,가산에이스점,서울 금천구 가산디지털1로 196 (가산동),금천구,37.4829154,126.8812688,이디야
760,가산오거리점,"서울 금천구 가산로 155 (가산동, 케이디에스빌딩)",금천구,37.4788157,126.8900708,이디야
761,가산월드점,서울 금천구 가산디지털2로 123 (가산동),금천구,37.4787503,126.8786525,이디야
762,가산하이엔드10차점,"서울 금천구 가산디지털1로 30 (가산동, 에이스하이엔드타워10)",금천구,37.468635,126.8872075,이디야
763,금천롯데마트점,"서울 금천구 시흥대로 291 (독산동, 금천롯데캐슬골드파크3차)",금천구,37.459141,126.8974447,이디야
764,독산동쌈지공원점,서울 금천구 독산로 276 (독산동),금천구,37.47131359999999,126.9032798,이디야
765,독산동점,"서울 금천구 독산로 218 (독산동, 창영빌딩)",금천구,37.4663108,126.9019986,이디야
766,독산롯데시네마점,서울 금천구 시흥대로 399 (독산동),금천구,37.4693273,126.8970414,이디야
767,박미삼거리점,서울 금천구 시흥대로 150 (시흥동),금천구,37.4475844,126.9036523,이디야
768,석수푸르지오점,"서울 금천구 삼성산길 11 (시흥동, 위너스타워)",금천구,37.4340449,126.9048803,이디야
769,세광교회점,서울 금천구 독산로 124 (시흥동),금천구,37.4582394,126.9056093,이디야
770,시흥동점,서울 금천구 시흥동,금천구,37.4492857,126.9104662,이디야
771,시흥사거리점,서울 금천구 시흥대로63길 8 (시흥동),금천구,37.4549924,126.8991565,이디야
772,시흥유통센터점,"서울 금천구 시흥대로 88 (시흥동, 오복빌딩)",금천구,37.4418469,126.9038942,이디야
773,시흥중앙점,서울 금천구 금하로 748 (시흥동),금천구,37.4498371,126.9125411,이디야
774,에이스가산포휴점,"서울 금천구 가산디지털1로 225 (가산동, 에이스 가산 포휴(지식산업센터))",금천구,37.4851258,126.8787246,이디야
775,은행나무사거리점,서울 금천구 금하로 690 (시흥동),금천구,37.4517558,126.9066215,이디야
776,공릉역점,서울 노원구 동일로192길 5 (공릉동),노원구,37.626035,127.0733753,이디야
777,공릉중앙점,서울 노원구 공릉로 146 (공릉동),노원구,37.623043,127.0795195,이디야
778,광운대점,서울 노원구 광운로 29 (월계동),노원구,37.6202851,127.0584102,이디야
779,노원KT점,서울 노원구 노해로 494 (상계동),노원구,37.6545399,127.0629813,이디야
780,노원사거리점,서울 노원구 동일로 1393 (상계동),노원구,37.6529076,127.0605347,이디야
781,노원역2호점,서울 노원구 상계로 64 (상계동),노원구,37.6555926,127.0623312,이디야
782,노원중앙점,서울 노원구 노원로 452 (상계동),노원구,37.6568057,127.0669206,이디야
783,당고개역점,서울 노원구 상계로 313 (상계동),노원구,37.67078619999999,127.0803617,이디야
784,마들역점,서울 노원구 동일로 1541 (상계동),노원구,37.66581350000001,127.0569853,이디야
785,상계동점,서울 노원구 한글비석로52길 8 (상계동),노원구,37.6648446,127.0664584,이디야
786,상계역사거리점,서울 노원구 한글비석로 409 (상계동) 1~2층,노원구,37.6611031,127.0708473,이디야
787,상계역점,서울 노원구 덕릉로 698 (중계동),노원구,37.6598008,127.0756283,이디야
788,상계중앙점,서울 노원구 동일로 1650 (상계동),노원구,37.6754112,127.0555125,이디야
789,서울과학기술대점,서울 노원구 공릉로 208 (공릉동),노원구,37.628258,127.0777683,이디야
790,서울여대점,서울 노원구 노원로 3 (공릉동),노원구,37.6218823,127.0865752,이디야
791,석계역점,서울 노원구 석계로3길 3 (월계동),노원구,37.6155161,127.0643253,이디야
792,세이브존노원점,"서울 노원구 한글비석로 57 (하계동, 세이브존)",노원구,37.6378958,127.0686347,이디야
793,수락산역점,"서울 노원구 동일로 1689 (상계동, 하이베라스)",노원구,37.67918909999999,127.0549866,이디야
794,원자력병원점,서울 노원구 공릉로46길 6 (공릉동),노원구,37.6269138,127.0796292,이디야
795,월계이마트점,"서울 노원구 마들로3길 15 (월계동, 월계이마트)",노원구,37.62644,127.0619091,이디야
796,월계인덕점,서울 노원구 광운로22길 39 (월계동),노원구,37.6285729,127.0592566,이디야
797,월계초교점,서울 노원구 월계동 ,노원구,37.6277451,127.0568215,이디야
798,은행사거리점,서울 노원구 중계로 201 (중계동),노원구,37.6504368,127.0777536,이디야
799,중계롯데우성점,서울 노원구 노원로22길 70 (중계동),노원구,37.6475922,127.0726622,이디야
800,중계본동점,서울 노원구 중계로14바길 2 (중계동),노원구,37.6498409,127.0825681,이디야
801,중계브라운스톤점,"서울 노원구 동일로203가길 29 (중계동, 브라운스톤중계)",노원구,37.6400147,127.0642892,이디야
802,중계점,서울 노원구 동일로204가길 34 (중계동),노원구,37.6406859,127.0681273,이디야
803,중계중앙점,서울 노원구 덕릉로73길 18 (중계동),노원구,37.6521367,127.0723076,이디야
804,태릉입구역점,"서울 노원구 공릉로 105 (공릉동, 성종빌딩)",노원구,37.6195756,127.077871,이디야
805,하계온천점,서울 노원구 노원로 257 (하계동),노원구,37.637576,127.0725939,이디야
806,하계을지점,서울 노원구 공릉로 326 (하계동),노원구,37.6358505,127.0711596,이디야
807,덕성여대점,서울 도봉구 삼양로 542 (쌍문동),도봉구,37.6515523,127.0129588,이디야
808,도봉구청점,"서울 도봉구 도봉로150길 43 (방학동, ESA 아파트)",도봉구,37.6663859,127.0455878,이디야
809,도봉보건소사거리점,서울 도봉구 해등로 157 (쌍문동),도봉구,37.6567466,127.0388047,이디야
810,도봉산점,서울 도봉구 도봉산길 18 (도봉동),도봉구,37.6879391,127.0336271,이디야
811,도봉역점,서울 도봉구 도봉로 823 (도봉동),도봉구,37.6778789,127.0447434,이디야
812,도봉중앙점,서울 도봉구 도봉로181길 18 (도봉동),도봉구,37.6842049,127.0448504,이디야
813,방학사거리점,서울 도봉구 도봉로 677 (방학동),도봉구,37.6625819,127.0410405,이디야
814,방학역점,서울 도봉구 도봉로153길 15 (방학동),도봉구,37.669757,127.0425203,이디야
815,방학점,서울 도봉구 방학로 171 (방학동),도봉구,37.6621271,127.0332303,이디야
816,방학중앙점,서울 도봉구 도당로13길 22 (방학동),도봉구,37.6657273,127.0352862,이디야
817,선덕고사거리점,"서울 도봉구 해등로 255 (쌍문동, 에벤에셀아파트)",도봉구,37.6573275,127.0282084,이디야
818,솔밭공원역점,"서울 도봉구 삼양로 594 (쌍문동, 주함해븐빌)",도봉구,37.6562302,127.0135377,이디야
819,신창점,서울 도봉구 덕릉로 235 (창동),도봉구,37.6388915,127.0380921,이디야
820,쌍문동점,서울 도봉구 노해로 162 (쌍문동),도봉구,37.6487826,127.0272818,이디야
821,쌍문역점,서울 도봉구 도봉로117길 4 (쌍문동),도봉구,37.6494246,127.0322549,이디야
822,쌍문중앙점,서울 도봉구 도봉로 519 (쌍문동),도봉구,37.6568545,127.0152936,이디야
823,창동대우점,서울 도봉구 덕릉로63가길 30 (창동),도봉구,37.6434459,127.0387291,이디야
824,창동블루핀점,서울 도봉구 마들로 550 (창동),도봉구,37.6605123,127.049623,이디야
825,창동역점,서울 도봉구 마들로11길 65 (창동),도봉구,37.6533575,127.0496609,이디야
826,창동제일점,서울 도봉구 노해로70길 81 (창동),도봉구,37.6487061,127.0525283,이디야
827,창동중앙점,서울 도봉구 노해로63길 78 (창동),도봉구,37.6525232,127.0463148,이디야
828,창동하나로마트점,"서울 도봉구 마들로11길 20 (창동, 농협창동유통센타)",도봉구,37.6548907,127.051721,이디야
829,창동학원가점,서울 도봉구 해등로16길 61 (창동),도봉구,37.65509040000001,127.0433286,이디야
830,창동현대타운점,서울 도봉구 도봉로114길 22 (창동),도봉구,37.6473276,127.0356466,이디야
831,남성역점,서울 동작구 사당로17가길 13 (사당동),동작구,37.4837726,126.9734022,이디야
832,노들점,서울 동작구 노량진로 200 (노량진동),동작구,37.5128665,126.947914,이디야
833,노량진CTS점,서울 동작구 노량진로 110 (노량진동),동작구,37.5131457,126.9380262,이디야
834,노량진드림스퀘어점,"서울 동작구 노들로2길 7 (노량진동, 노량진 드림스퀘어 복합빌딩)",동작구,37.5142855,126.9385304,이디야
835,노량진역사점,"서울 동작구 노량진로 지하 130 (노량진동, 9호선 노량진역)",동작구,37.5124675,126.9467172,이디야
836,대림성모점,서울 동작구 시흥대로 658 (신대방동),동작구,37.4903375,126.9080654,이디야
837,대방역점,"서울 동작구 노량진로 24 (대방동, 한신빌딩)",동작구,37.5128738,126.9281981,이디야
838,보라매공원점,서울 동작구 여의대방로 90 (신대방동),동작구,37.496767,126.9166468,이디야
839,보라매점,"서울 동작구 보라매로5가길 16 (신대방동, 보라매아카데미타워)",동작구,37.4912431,126.9240825,이디야
840,사당역점,서울 동작구 동작대로7길 100 (사당동),동작구,37.4771207,126.9775204,이디야
841,사당점,서울 동작구 동작대로 45 (사당동),동작구,37.4807275,126.9814704,이디야
842,상도역점,서울 동작구 상도로 277 (상도1동),동작구,37.49921399999999,126.9514712,이디야
843,상도중앙점,서울 동작구 만양로 17 (상도동),동작구,37.5061645,126.9471926,이디야
844,숭실대점,서울 동작구 사당로 2 (상도동),동작구,37.4954274,126.9546782,이디야
845,신대방삼거리점,서울 동작구 상도로 78 (대방동),동작구,37.5145329,126.9322942,이디야
846,신상도초교점,서울 동작구 양녕로 183 (상도동),동작구,37.497676,126.9431874,이디야
847,이수중앙점,서울 동작구 사당로 285 (사당동),동작구,37.4846165,126.9791799,이디야
848,중앙대점,서울 동작구 흑석로 79 (흑석동),동작구,37.5069892,126.9584078,이디야
849,중앙대후문점,서울 동작구 흑석로 20 (상도동),동작구,37.5047935,126.9530208,이디야
850,총신대입구역점,서울 동작구 동작대로 119-1 (사당동),동작구,37.487267,126.9818565,이디야
851,총신대점,"서울 동작구 사당로16가길 96 (사당동) 1,2층",동작구,37.4850653,126.9688107,이디야
852,해군회관점,서울 동작구 여의대방로 194 (대방동),동작구,37.5080962,126.9262539,이디야
853,공덕롯데캐슬점,"서울 마포구 마포대로 109 (공덕동, 롯데캐슬프레지던트)",마포구,37.548582,126.9588037,이디야
854,공덕점,서울 마포구 마포대로8길 15 (공덕동),마포구,37.5461947,126.954512,이디야
855,광흥창역점,"서울 마포구 창전로 45 (창전동, 서강한화오벨리스크)",마포구,37.5465423,126.9317948,이디야
856,대흥역점,서울 마포구 백범로 100 (대흥동),마포구,37.5488447,126.9414298,이디야
857,동교중앙점,서울 마포구 동교로27길 8 (동교동),마포구,37.5587392,126.9230221,이디야
858,마포공덕역점,서울 마포구 새창로 6 (도화동),마포구,37.5407431,126.9537335,이디야
859,마포구청점,서울 마포구 월드컵로 196 (성산동),마포구,37.5643652,126.9062602,이디야
860,마포데시앙점,서울 마포구 독막로 320 (도화동),마포구,37.5397449,126.9484575,이디야
861,마포성산시영점,서울 마포구 월드컵북로 210 (성산동),마포구,37.5613712,126.9167228,이디야
862,마포점,서울 마포구 도화길 10 (도화동),마포구,37.5397641,126.9473823,이디야
863,망리단길점,"서울 마포구 포은로 81-1 (망원동, S-빌딩)",마포구,37.5543031,126.9052551,이디야
864,망원역점,서울 마포구 월드컵로 82-1 (서교동),마포구,37.5579103,126.9106565,이디야
865,망원중앙점,서울 마포구 월드컵로 147 (망원동),마포구,37.56075999999999,126.905464,이디야
866,상수역점,서울 마포구 와우산로 41-1 (상수동),마포구,37.5462303,126.9280897,이디야
867,상암DMC점,서울 마포구 월드컵북로 396 (상암동),마포구,37.5791192,126.8902941,이디야
868,상암KBS점,서울 마포구 월드컵북로 375 (상암동),마포구,37.5773051,126.8906358,이디야
869,상암우리기술점,서울 마포구 월드컵북로56길 9 (상암동),마포구,37.5813475,126.887425,이디야
870,상암한샘점,서울 마포구 성암로13길 58 (상암동),마포구,37.5756558,126.8977097,이디야
871,상암홈플러스점,서울 마포구 월드컵로 240 (성산동),마포구,37.55922,126.9139289,이디야
872,서강대점,서울 마포구 백범로 34 (신수동),마포구,37.5487604,126.9393635,이디야
873,서교동점,서울 마포구 와우산로29길 70 (서교동),마포구,37.5563162,126.9265746,이디야
874,성산점,서울 마포구 월드컵북로 137 (성산동),마포구,37.5675176,126.9100186,이디야
875,성산중앙점,서울 마포구 성미산로 78 (성산동),마포구,37.5615164,126.9194136,이디야
876,신촌그랑자이점,"서울 마포구 대흥로 183 (대흥동, 신촌그랑자이 상가)",마포구,37.55586479999999,126.9453854,이디야
877,신촌로터리점,서울 마포구 서강로 135 (노고산동),마포구,37.5538162,126.9367619,이디야
878,신촌숲아이파크점,"서울 마포구 광성로 17 (신수동, 신촌숲아이파크)",마포구,37.5499797,126.934979,이디야
879,애오개역점,서울 마포구 마포대로 208 (아현동),마포구,37.5524425,126.9568124,이디야
880,오벨리스크점,"서울 마포구 마포대로 33 (도화동, 마포 한화 오벨리스크)",마포구,37.53976040000001,126.9451405,이디야
881,한강공원로점 ,서울 마포구 망원로 21 (망원동),마포구,37.5563164,126.8993901,이디야
882,합정LIG점,서울 마포구 양화로1길 21 (합정동),마포구,37.5494407,126.9103713,이디야
883,합정동점,서울 마포구 양화로6길 90 (합정동),마포구,37.5481933,126.919058,이디야
884,합정역사거리점,서울 마포구 독막로2길 5 (합정동),마포구,37.548217,126.914866,이디야
885,합정역점,서울 마포구 양화로11길 54 (서교동),마포구,37.5520737,126.91491,이디야
886,합정홈플러스점,"서울 마포구 양화로 45 (서교동, 메세나폴리스)",마포구,37.5499443,126.9137027,이디야
887,홍대중앙점,서울 마포구 양화로 124 (서교동),마포구,37.5542126,126.9207762,이디야
888,홍대청기와점,서울 마포구 월드컵북로 7 (서교동),마포구,37.5555692,126.9206333,이디야
889,홍대학원가점,서울 마포구 와우산로 148 (창전동),마포구,37.5541014,126.929644,이디야
890,가재울중앙점,"서울 서대문구 가재울미래로 2 (남가좌동, DMC파크뷰자이)",서대문구,37.58470519999999,126.9229346,이디야
891,독립문통일로점,서울 서대문구 영천동 ,서대문구,37.5699488,126.9563277,이디야
892,동교동점,서울 서대문구 신촌로 5 (창천동),서대문구,37.558379,126.9396708,이디야
893,명지대점,서울 서대문구 거북골로 35 (남가좌동),서대문구,37.5793331,126.9239019,이디야
894,명지전문대점,서울 서대문구 가좌로 140 (홍은동),서대문구,37.5845413,126.9241326,이디야
895,무악재역점,서울 서대문구 홍제동 ,서대문구,37.58551120000001,126.9489831,이디야
896,북가좌동점,서울 서대문구 증가로 257 (북가좌동),서대문구,37.5760008,126.9030186,이디야
897,서대문구청점,서울 서대문구 연희로 237 (연희동),서대문구,37.578217,126.9356558,이디야
898,서대문점,서울 서대문구 냉천동,서대문구,37.5668216,126.962263,이디야
899,신촌기차역점,서울 서대문구 신촌역로 35 (창천동),서대문구,37.5589365,126.9414455,이디야
900,신촌역점,서울 서대문구 신촌로 87-20 (창천동),서대문구,37.5603666,126.9340513,이디야
901,아현역점,"서울 서대문구 신촌로35길 10 (북아현동, e편한세상신촌 4단지)",서대문구,37.5584231,126.9546193,이디야
902,연남동점,서울 서대문구 연희로 42 (연희동),서대문구,37.5623305,126.9278489,이디야
903,연대서문점,서울 서대문구 연희로10길 86 (연희동),서대문구,37.5636727,126.933677,이디야
904,연세대점,서울 서대문구 연세로12길 10 (창천동),서대문구,37.5588209,126.9375073,이디야
905,연희삼거리점,서울 서대문구 연희로 117 (연희동),서대문구,37.5682728,126.9318184,이디야
906,이화여대점,"서울 서대문구 이화여대길 26 (대현동, 이화빌딩)",서대문구,37.5582145,126.9451398,이디야
907,충정로3가점,"서울 서대문구 경기대로 26-26 (충정로3가, 더스타일하우스디센트럴)",서대문구,37.5622371,126.9615554,이디야
908,홍은사거리점,"서울 서대문구 통일로 510 (홍은동, 북한산 더샵)",서대문구,37.5927053,126.9416772,이디야
909,홍제역점,서울 서대문구 홍제동,서대문구,37.58551120000001,126.9489831,이디야
910,강남센트럴시티점,"서울 서초구 신반포로 176 (반포동, 센트럴시티)",서초구,37.5041299,127.0030692,이디야
911,교대역점,"서울 서초구 서초대로56길 22 (서초동, 성운빌딩)",서초구,37.4977102,126.9978029,이디야
912,교육개발원사거리점,"서울 서초구 바우뫼로 180 (양재동, 신송빌딩)",서초구,37.4782389,127.0398035,이디야
913,국립중앙도서관디지털관점,"서울 서초구 반포대로 201 (반포동, 국립중앙도서관)",서초구,37.497689,127.0028333,이디야
914,국립중앙도서관본관점,"서울 서초구 반포대로 201 (반포동, 국립중앙도서관)",서초구,37.497689,127.0028333,이디야
915,남부터미널점,서울 서초구 서초동 ,서초구,37.4876872,127.0174271,이디야
916,내방역점,"서울 서초구 서초대로 108 (방배동, 삼보빌딩)",서초구,37.4875268,126.9941918,이디야
917,반포지하상가점,"서울 서초구 신반포로 지하 200 (잠원동, 강남터미널지하쇼핑몰)",서초구,37.5041437,126.9970518,이디야
918,방배백석점,서울 서초구 방배로 42 (방배동),서초구,37.478696,126.9997564,이디야
919,방배역점,서울 서초구 방배로 87 (방배동),서초구,37.482139,126.9968963,이디야
920,방배중앙점,"서울 서초구 동광로 1 (방배동, 대양빌딩)",서초구,37.4910362,126.9830198,이디야
921,서울고교점,서울 서초구 서초동 ,서초구,37.4876872,127.0174271,이디야
922,서울고속버스터미널점,"서울 서초구 신반포로 194 (반포동, 강남고속버스터미널)",서초구,37.506123,127.003846,이디야
923,서울교대점,서울 서초구 서초동 ,서초구,37.4876872,127.0174271,이디야
924,서초법조타운점,"서울 서초구 서초중앙로24길 7 (서초동, 동천빌딩)",서초구,37.4947529,127.0144754,이디야
925,서초역점,서울 서초구 서초동 ,서초구,37.4876872,127.0174271,이디야
926,서초우면중앙점,"서울 서초구 양재대로2길 100-11 (우면동, 서초 리슈빌S)",서초구,37.4644963,127.0417509,이디야
927,서초점,서울 서초구 서초대로48길 16 (서초동),서초구,37.4920152,127.0113078,이디야
928,신논현역점 ,서울 서초구 강남대로79길 10 (반포동),서초구,37.5052523,127.0231968,이디야
929,양재언남점,"서울 서초구 동산로 60 (양재동, 화성빌딩)",서초구,37.46854769999999,127.0278008,이디야
930,양재점,서울 서초구 남부순환로347길 38 (서초동),서초구,37.4859875,127.0314737,이디야
931,양재중앙점,"서울 서초구 강남대로 221 (양재동, 양재역 환승주차장)",서초구,37.4785467,127.0413269,이디야
932,양재하나로마트점,"서울 서초구 청계산로 10 (양재동, 농협하나로클럽)",서초구,37.4629931,127.043105,이디야
933,예술의전당점,"서울 서초구 반포대로 32 (서초동, 원일빌딩)",서초구,37.4833789,127.0121074,이디야
934,우면동점,"서울 서초구 바우뫼로 20 (우면동, 고호빌딩)",서초구,37.4699641,127.025301,이디야
935,잠원논현점,서울 서초구 신반포로 333 (잠원동),서초구,37.5108882,127.0201282,이디야
936,청계산입구역점,서울 서초구 신원동,서초구,37.4446745,127.0614206,이디야
937,포이점,서울 서초구 마방로10길 42 (양재동),서초구,37.475593,127.0445372,이디야
938,함지박사거리점,서울 서초구 방배로 234 우신빌딩,서초구,37.4780738,127.0007198,이디야
939,고대개운점,서울 성북구 개운사길 30 (안암동5가),성북구,37.5876534,127.0294038,이디야
940,고대점,서울 성북구 고려대로24길 35 (안암동5가),성북구,37.5861037,127.0322704,이디야
941,국민대점,서울 성북구 정릉로9라길 8 (정릉동),성북구,37.6111263,127.0003764,이디야
942,길음뉴타운점,"서울 성북구 길음로 74 (길음동, 길음 에스에이치빌)",성북구,37.6097759,127.0206116,이디야
943,돈암동점,서울 성북구 동소문로 119 (동선동4가),성북구,37.5943435,127.0185038,이디야
944,돈암아리랑점,"서울 성북구 아리랑로 75 (돈암동, 돈암코오롱하늘채)",성북구,37.5991068,127.0137948,이디야
945,돌곶이역점,서울 성북구 돌곶이로22길 3 (석관동),성북구,37.6101594,127.058086,이디야
946,동덕여대점,서울 성북구 화랑로 99 (하월곡동),성북구,37.6038358,127.0353171,이디야
947,동소문동점,서울 성북구 동소문로13길 5 (동소문동4가),성북구,37.5920114,127.0128569,이디야
948,보문역점,서울 성북구 보문로 111 (보문동2가),성북구,37.5848579,127.0191073,이디야
949,석계중앙점,서울 성북구 화랑로40길 61 (석관동),성북구,37.6073036,127.062906,이디야
950,석관동점,"서울 성북구 돌곶이로8길 22 (석관동, 래미안아트리치)",성북구,37.606103,127.0634229,이디야
951,성신여대역점,서울 성북구 동소문로17길 40 (동소문동6가),성북구,37.5935484,127.0152431,이디야
952,성신여대점,서울 성북구 보문로34길 100 (동선동2가),성북구,37.5911844,127.020776,이디야
953,안암래미안점,서울 성북구 보문로30가길 42 (안암동1가),성북구,37.5889656,127.02202,이디야
954,월곡1동점,서울 성북구 오패산로 99 (하월곡동),성북구,37.6107208,127.0351251,이디야
955,월곡동아점,서울 성북구 장월로1길 47 (상월곡동),성북구,37.606215,127.0456787,이디야
956,장위2동점,서울 성북구 화랑로25길 14 (장위동),성북구,37.6094377,127.0519431,이디야
957,장위뉴타운점,서울 성북구 장월로 144-1 (장위동),성북구,37.6176579,127.0510126,이디야
958,장위동점,서울 성북구 월계로40길 7 (장위동),성북구,37.6228267,127.048397,이디야
959,장위북서울꿈의숲점,서울 성북구 돌곶이로41가길 2 (장위동),성북구,37.6185575,127.0455923,이디야
960,장위중앙점,서울 성북구 장위로 35 (장위동),성북구,37.6144277,127.0407678,이디야
961,정릉뉴타운점,"서울 성북구 정릉로 307 (정릉동, 라온유 아파트)",성북구,37.6032405,127.0182023,이디야
962,정릉아리랑점,"서울 성북구 북악산로 851 (정릉동, 정릉2차 e-편한세상)",성북구,37.599785,127.0193858,이디야
963,정릉점,서울 성북구 보국문로 77 (정릉동),성북구,37.6111065,127.0086007,이디야
964,정릉중앙점,서울 성북구 정릉로 251 (정릉동),성북구,37.6136201,127.0071843,이디야
965,종암동점,서울 성북구 종암로 105 (종암동),성북구,37.5994896,127.0339384,이디야
966,하월곡동점,서울 성북구 오패산로 16 (하월곡동),성북구,37.6035972,127.0375512,이디야
967,한성대역점,서울 성북구 동소문로 19 (동소문동1가),성북구,37.5889646,127.0063694,이디야
968,한성대점,서울 성북구 삼선교로 10 (삼선동1가),성북구,37.5877048,127.0068833,이디야
969,가든파이브점,"서울 송파구 충민로 10 (문정동, 가든파이브툴)",송파구,37.478962,127.119148,이디야
970,가락몰점,"서울 송파구 양재대로 932 (가락동, 가락몰 판매동)",송파구,37.493116,127.1164539,이디야
971,가락중앙점,서울 송파구 송이로 87 (가락동),송파구,37.4982843,127.1207781,이디야
972,개롱역점,"서울 송파구 오금로 407 (오금동, 상아아파트)",송파구,37.497728,127.135835,이디야
973,거여점,서울 송파구 오금로 497 (거여동),송파구,37.48205129999999,127.1429218,이디야
974,마천사거리점,"서울 송파구 마천로 264 (거여동, 흥일빌딩)",송파구,37.4980378,127.1461353,이디야
975,문정KDU타워점,"서울 송파구 정의로 70 (문정동, 케이디유타워)",송파구,37.4830797,127.12489,이디야
976,문정문현점,서울 송파구 새말로8길 30 (문정동),송파구,37.4800957,127.1266355,이디야
977,문정중앙점,서울 송파구 문정로 31-1 (문정동),송파구,37.4864701,127.1263126,이디야
978,문정테라타워점,"서울 송파구 송파대로 167 (문정동, 문정역테라타워)",송파구,37.484765,127.1211569,이디야
979,방이미성점,"서울 송파구 오금로 251 (방이동, 잠실3차한양아파트)",송파구,37.5060802,127.1222351,이디야
980,방이시장점,서울 송파구 백제고분로48길 3 (방이동),송파구,37.51180069999999,127.1137457,이디야
981,방이역점,서울 송파구 위례성대로18길 32 (방이동),송파구,37.5095235,127.1247104,이디야
982,방이초교점,서울 송파구 가락로 280 (방이동),송파구,37.5127115,127.1199902,이디야
983,삼전역점,서울 송파구 백제고분로 263 (삼전동),송파구,37.5027433,127.0957873,이디야
984,서울삼성내과점,"서울 송파구 백제고분로 126 (잠실동, 오룡빌딩)",송파구,37.5061551,127.0807668,이디야
985,석촌백제점,"서울 송파구 백제고분로39길 15 (석촌동, 삼경빌딩)",송파구,37.5058869,127.1043148,이디야
986,석촌사거리점,"서울 송파구 송파대로 409 (석촌동, 범양빌딩)",송파구,37.5034635,127.1082718,이디야
987,석촌역점,"서울 송파구 송파대로 456 (송파동, 웅현빌딩)",송파구,37.5071619,127.1058265,이디야
988,송파동점,"서울 송파구 백제고분로41길 5 (송파동, 태원빌딩)",송파구,37.5080488,127.107095,이디야
989,송파문정점,서울 송파구 송이로 159 (가락동),송파구,37.4929217,127.1253339,이디야
990,송파올림픽훼미리타운점,"서울 송파구 중대로 24 (문정동, 올림픽훼밀리타운 아카데미 상가)",송파구,37.4896023,127.1187913,이디야
991,송파위례점,"서울 송파구 위례광장로 188 (장지동, 아이온스퀘어)",송파구,37.4811605,127.1423292,이디야
992,송파잠실점,서울 송파구 삼전로 95 (잠실동),송파구,37.5069289,127.0898316,이디야
993,송파파인타운점,"서울 송파구 충민로2길 28 (장지동, 대진플라자2)",송파구,37.4772984,127.1275686,이디야
994,송파풍납점,서울 송파구 강동대로9길 17-1 (풍납동),송파구,37.5280621,127.11653,이디야
995,송파하비오점,"서울 송파구 송파대로 111 (문정동, 파크하비오)",송파구,37.4857615,127.1317586,이디야
996,송파한양점,"서울 송파구 가락로 165 (송파동, 위례캐슬빌)",송파구,37.5031659,127.1178357,이디야
997,오금점,"서울 송파구 오금로 306 (가락동, 가락스타클래스)",송파구,37.5028786,127.1261236,이디야
998,오금중앙점 ,"서울 송파구 위례성대로22길 18 (오금동, 이시돌빌딩)",송파구,37.5087113,127.1304008,이디야
999,올림픽공원점,서울 송파구 올림픽로 354 (방이동),송파구,37.5164031,127.1215351,이디야
1000,올림픽프라자점,서울 송파구 양재대로 1222 (방이동),송파구,37.5157197,127.1322328,이디야
1001,위례아이파크점,"서울 송파구 위례광장로 136 (장지동, 위례아이파크)",송파구,37.476128,127.1420414,이디야
1002,위례포레샤인점,"서울 송파구 위례순환로 477 (장지동, 위례포레샤인23단지)",송파구,37.4762808,127.1356549,이디야
1003,잠실나루역점,"서울 송파구 올림픽로35길 104 (신천동, 장미아파트)",송파구,37.5200705,127.0995,이디야
1004,잠실본동점,"서울 송파구 백제고분로 172 (잠실동, 제이케이빌딩)",송파구,37.5060163,127.0825999,이디야
1005,잠실역점,"서울 송파구 송파대로 567 (잠실동, 잠실주공아파트)",송파구,37.51289879999999,127.0829932,이디야
1006,종합운동장역점,"서울 송파구 올림픽로 76 (잠실동, J타워)",송파구,37.5115209,127.0791737,이디야
1007,CBS본사점,서울 양천구 목동서로 159-1 (목동),양천구,37.52821350000001,126.8749471,이디야
1008,강서초교점,서울 양천구 오목로 48 (신월동),양천구,37.5220241,126.8429393,이디야
1009,목3동점,"서울 양천구 목동중앙북로 38 (목동, 롯데캐슬위너아파트)",양천구,37.5466479,126.8679932,이디야
1010,목4동점,서울 양천구 목동중앙본로7길 46 (목동),양천구,37.5394371,126.86612,이디야
1011,목동남부점,서울 양천구 목동남로 46 (신정동),양천구,37.5087155,126.8647187,이디야
1012,목동등촌로점,서울 양천구 등촌로 180 (목동),양천구,37.5456026,126.8627246,이디야
1013,목동로데오점,서울 양천구 목동로 219 (신정동),양천구,37.5279211,126.8637907,이디야
1014,목동센트럴아이파크위브점,서울 양천구 남부순환로 603 (신월동),양천구,37.5151785,126.8406797,이디야
1015,목동신목점,"서울 양천구 목동중앙로 85 (목동, 강산아파트)",양천구,37.5369691,126.8714743,이디야
1016,목동신트리점,"서울 양천구 신정로 312 (신정동, 뉴프라자)",양천구,37.5132891,126.8554552,이디야
1017,목동아델리체점,"서울 양천구 중앙로43길 14 (신정동, 래미안 목동아델리체)",양천구,37.5180135,126.8518873,이디야
1018,목동역점,서울 양천구 오목로 227 (신정동),양천구,37.526041,126.8627071,이디야
1019,목동중앙점,"서울 양천구 목동서로 287 (신정동, 동문비젼오피스텔)",양천구,37.5215106,126.8690925,이디야
1020,목동파라곤점,서울 양천구 목동서로 155 (목동),양천구,37.5293136,126.8751264,이디야
1021,목동파리공원점,서울 양천구 목동동로 379 (목동),양천구,37.5355702,126.8787085,이디야
1022,서남병원점,서울 양천구 신정동,양천구,37.5166014,126.8638714,이디야
1023,신월5동점,서울 양천구 화곡로 50 (신월동),양천구,37.5391278,126.8274379,이디야
1024,신월7동점,서울 양천구 지양로 79 (신월동),양천구,37.5223947,126.8329818,이디야
1025,신월사거리점,서울 양천구 남부순환로 353 (신월동),양천구,37.5356284,126.8289172,이디야
1026,신월신곡시장점,서울 양천구 신월로 172 (신월동),양천구,37.5182621,126.8426399,이디야
1027,신정교점,서울 양천구 신목로 36 (신정동),양천구,37.5188009,126.8737695,이디야
1028,신정네거리역점,서울 양천구 중앙로 282 (신정동),양천구,37.5215126,126.8525663,이디야
1029,신정서부점,서울 양천구 신정로11길 50-15 (신정동),양천구,37.5121775,126.8383361,이디야
1030,신정역점,서울 양천구 오목로 155 (신정동),양천구,37.5249251,126.854642,이디야
1031,양천구청점,서울 양천구 목동동로 63 (신정동),양천구,37.5152752,126.8623016,이디야
1032,오목교대학학원점,서울 양천구 오목로 319 (목동),양천구,37.5250374,126.8730535,이디야
1033,오목교역점,서울 양천구 신목로 102 (목동),양천구,37.5235593,126.8757535,이디야
1034,KBS별관점,"서울 영등포구 국제금융로8길 27-9 (여의도동, 동북빌딩)",영등포구,37.5196169,126.9289537,이디야
1035,국회대로점,"서울 영등포구 국회대로72길 4 (여의도동, 아이비피아빌딩)",영등포구,37.5302939,126.9199036,이디야
1036,국회의사당역점,"서울 영등포구 의사당대로 22 (여의도동, 이룸센터)",영등포구,37.5268293,126.91783,이디야
1037,남부고용센터점,서울 영등포구 양산로 71 (양평동3가),영등포구,37.5249901,126.8910908,이디야
1038,당산버드나루점,서울 영등포구 버드나루로 87 (영등포동7가),영등포구,37.5247311,126.9072916,이디야
1039,당산역점,"서울 영등포구 당산로 222 (당산동5가, 당산디오빌)",영등포구,37.533212,126.9022778,이디야
1040,당산중앙점,서울 영등포구 당산로 159 (당산동4가),영등포구,37.5287389,126.8995556,이디야
1041,대림1동점,서울 영등포구 도림로 198 (대림동),영등포구,37.4963889,126.9028182,이디야
1042,대림3동점,서울 영등포구 대림로 212 (대림동),영등포구,37.4995567,126.8981452,이디야
1043,대림역점,서울 영등포구 도림로31길 2 (대림동),영등포구,37.4924907,126.8959161,이디야
1044,도림사거리점,서울 영등포구 도림로 326 (신길동),영등포구,37.5065486,126.9018065,이디야
1045,도림점,"서울 영등포구 도신로15길 40 (도림동, 도림빌딩)",영등포구,37.5076045,126.8972947,이디야
1046,문래역점,서울 영등포구 문래로 89 (문래동3가),영등포구,37.5196161,126.8919362,이디야
1047,보라매역점,서울 영등포구 여의대방로 141 (신길동),영등포구,37.5074088,126.9168029,이디야
1048,서여의도점,"서울 영등포구 국회대로72길 17 (여의도동, KCC파크타운)",영등포구,37.529455,126.9211706,이디야
1049,선유도역점,서울 영등포구 양평로 126 (양평동5가),영등포구,37.5411416,126.8944092,이디야
1050,신길성애병원점,서울 영등포구 여의대방로53길 27 (신길동),영등포구,37.5118321,126.9215338,이디야
1051,신길썬프라자점,서울 영등포구 신길로 42 (신길동),영등포구,37.496429,126.9086066,이디야
1052,신길아이파크점,서울 영등포구 도림로 280 (신길동),영등포구,37.5029,126.9042022,이디야
1053,신길역점,서울 영등포구 영등포로 353 (신길동),영등포구,37.5150289,126.918074,이디야
1054,신길중앙점,서울 영등포구 도신로 229 (신길동),영등포구,37.5121582,126.9165036,이디야
1055,신풍역점,서울 영등포구 신풍로 52-1 (신길동),영등포구,37.49990469999999,126.9117746,이디야
1056,양평동2가점,"서울 영등포구 선유서로25길 19 (양평동2가, 오목교투웨니퍼스트)",영등포구,37.5243251,126.8837313,이디야
1057,여의나루역점,서울 영등포구 여의나루로 113 (여의도동),영등포구,37.52601629999999,126.9307571,이디야
1058,여의도농협재단점,"서울 영등포구 국제금융로8길 2 (여의도동, 농협재단빌딩)",영등포구,37.5219838,126.930031,이디야
1059,여의도역점,"서울 영등포구 의사당대로 108 (여의도동, 아일렉스)",영등포구,37.5210236,126.9240116,이디야
1060,영등포knk점,"서울 영등포구 영신로 220 (영등포동8가, KnK디지털타워)",영등포구,37.5283387,126.905394,이디야
1061,영등포구청점,서울 영등포구 당산로 110 (당산동3가),영등포구,37.5268845,126.8983667,이디야
1062,영등포그랜드점,"서울 영등포구 양산로9길 15 (양평동3가, 그랜드타워)",영등포구,37.5263235,126.888719,이디야
1063,영등포본동점,서울 영등포구 영신로19길 15 (영등포동),영등포구,37.5138185,126.9060085,이디야
1064,영등포시장점,서울 영등포구 영등포로35길 19 (영등포동6가),영등포구,37.5216207,126.9041803,이디야
1065,영등포아크로타워점,"서울 영등포구 국회대로54길 10 (영등포동7가, 아크로타워 스퀘어)",영등포구,37.5233486,126.9077563,이디야
1066,영등포에이스점,서울 영등포구 경인로 775 (문래동3가),영등포구,37.5176033,126.895289,이디야
1067,영등포점,서울 영등포구 영중로 16-1 (영등포동3가),영등포구,37.5187427,126.9070871,이디야
1068,영등포중앙점,서울 영등포구 영중로 37 (영등포동4가),영등포구,37.5193148,126.9046511,이디야
1069,영등포코레일점,"서울 영등포구 경인로 846 (영등포동, 영등포 민자역사)",영등포구,37.5154709,126.9066823,이디야
1070,영등포홈플러스점,"서울 영등포구 당산로 42 (문래동3가, 홈플러스)",영등포구,37.5189549,126.8986982,이디야
1071,한강성심병원점,서울 영등포구 버드나루로 51 (영등포동2가),영등포구,37.5212309,126.911986,이디야
1072,한국수출입은행점,"서울 영등포구 은행로 38 (여의도동, 한국수출입은행빌딩)",영등포구,37.528594,126.9234204,이디야
1073,힐스테이트클래시안점,"서울 영등포구 신길로28길 9 (신길동, 힐스테이트 클래시안)",영등포구,37.503593,126.912645,이디야
1074,갈현점,서울 은평구 갈현로 268 (갈현동),은평구,37.6219431,126.9127496,이디야
1075,구산역점,서울 은평구 연서로 148 (대조동),은평구,37.6119567,126.9176102,이디야
1076,구파발역점,"서울 은평구 진관2로 29-21 (진관동, 드림스퀘어)",은평구,37.6458965,126.9262918,이디야
1077,녹번동점,"서울 은평구 진흥로 156 (녹번동, 신명빌딩)",은평구,37.6086912,126.9269617,이디야
1078,녹번중앙점,"서울 은평구 통일로 635 (녹번동, 녹번동메카오피스텔)",은평구,37.603474,126.9346394,이디야
1079,독바위역점,"서울 은평구 불광로 128 (불광동, 배진하우스)",은평구,37.6180771,126.9333072,이디야
1080,백련산아이파크점,"서울 은평구 응암로 264 (응암동, 서울빌딩)",은평구,37.5952388,126.9188557,이디야
1081,본서부병원점,"서울 은평구 응암로 337 (응암동, 빛터룩스 빌딩)",은평구,37.6012692,126.9221517,이디야
1082,불광역점,서울 은평구 통일로 731 (대조동),은평구,37.6104759,126.9292194,이디야
1083,불광연서로점,서울 은평구 연서로 275 (불광동),은평구,37.6116009,126.9304684,이디야
1084,불광중앙점,서울 은평구 불광로 59 (불광동),은평구,37.6122908,126.9317226,이디야
1085,새절역점,서울 은평구 가좌로 272 (신사동),은평구,37.5953803,126.9075953,이디야
1086,수색역점,서울 은평구 수색로 250 (수색동),은평구,37.5818859,126.8963113,이디야
1087,역촌동점,서울 은평구 갈현로 82 (역촌동),은평구,37.6013705,126.9134783,이디야
1088,역촌사거리점,서울 은평구 서오릉로 100 (대조동),은평구,37.60888310000001,126.9209257,이디야
1089,역촌진흥로점,서울 은평구 진흥로1길 3 (역촌동),은평구,37.6033089,126.9185098,이디야
1090,연신내역점,서울 은평구 통일로 855-9 (갈현동),은평구,37.6270657,126.9156137,이디야
1091,연신내중앙점,서울 은평구 통일로 825 (대조동),은평구,37.6170165,126.9226896,이디야
1092,연신내통일로점,서울 은평구 통일로 876 (불광동),은평구,37.6211624,126.9202577,이디야
1093,은평구청점,서울 은평구 은평로 197 (녹번동),은평구,37.6016007,126.9296014,이디야
1094,은평뉴타운점,"서울 은평구 진관3로 70 (진관동, 은평뉴타운상림마을)",은평구,37.6382514,126.9178214,이디야
1095,은평이마트점,"서울 은평구 은평로 111 (응암동, 은평이마트)",은평구,37.6003946,126.9202149,이디야
1096,응암역점,"서울 은평구 연서로 9 (역촌동, 센타폴리스)",은평구,37.5998561,126.9154719,이디야
1097,응암오거리점,서울 은평구 응암로 211 (응암동),은평구,37.5908628,126.9171141,이디야
1098,응암중앙점,서울 은평구 응암로 183 (응암동),은평구,37.5883944,126.9165713,이디야
1099,증산동점,서울 은평구 증산서길 78 (증산동),은평구,37.5833382,126.9065476,이디야
1100,경복궁역점,서울 종로구 자하문로 7 (체부동),종로구,37.5790658,126.9697902,이디야
1101,광화문점,서울 종로구 세종대로23길 15 (도렴동),종로구,37.571457,126.9756366,이디야
1102,광화문트윈트리타워점,"서울 종로구 율곡로 6 (중학동, 트윈 트리 빌딩)",종로구,37.5755279,126.9800596,이디야
1103,낙원동점,서울 종로구 낙원동 ,종로구,37.57284569999999,126.9884126,이디야
1104,대학로점,서울 종로구 대학로10길 17 (동숭동),종로구,37.5820564,127.0031655,이디야
1105,독립문역점,서울 종로구 통일로 266 (무악동),종로구,37.5771577,126.9586244,이디야
1106,동대문역점,"서울 종로구 율곡로 286 (종로6가, 야드인빌딩)",종로구,37.5718325,127.0081491,이디야
1107,동묘역점,서울 종로구 종로 354 (숭인동),종로구,37.5776264,127.0223891,이디야
1108,방통대점,서울 종로구 대학로 81-1 (연건동),종로구,37.5783148,127.0017255,이디야
1109,배화여대점,서울 종로구 필운대로1길 35 (필운동),종로구,37.5778275,126.9679917,이디야
1110,북촌마을점,서울 종로구 북촌로5길 39 (화동),종로구,37.57953759999999,126.9836008,이디야
1111,삼일빌딩점,서울 종로구 삼일대로15길 13 (관철동),종로구,37.5687786,126.986596,이디야
1112,상명대점,서울 종로구 홍지동,종로구,37.601247,126.9562041,이디야
1113,성균관대점,서울 종로구 성균관로 8 (명륜2가),종로구,37.5845216,126.9994393,이디야
1114,숭인점,서울 종로구 숭인동길 6 (숭인동),종로구,37.5752518,127.0215847,이디야
1115,신설점,서울 종로구 난계로29길 30 (숭인동),종로구,37.5741948,127.0214683,이디야
1116,종각점,서울 종로구 삼일대로19길 24 (관철동),종로구,37.5694966,126.9866708,이디야
1117,종로3가점,서울 종로구 종로 126 (종로3가),종로구,37.5700276,126.9917137,이디야
1118,종로4가점,서울 종로구 김상옥로 1 (인의동),종로구,37.5734546,126.9978915,이디야
1119,종로5가점,서울 종로구 대학로 33 (효제동),종로구,37.5738196,127.0027668,이디야
1120,종로교차로점,서울 종로구 동호로 406-1 (종로5가),종로구,37.5705613,127.002241,이디야
1121,종로구청점,서울 종로구 수송동,종로구,37.5739802,126.9804234,이디야
1122,종로르메이에르점,서울 종로구 종로1가 르메이에르종로타운,종로구,37.5709593,126.9798759,이디야
1123,종로삼일대로점,서울 종로구 삼일대로 390-1 (관철동),종로구,37.5690625,126.9872746,이디야
1124,종로타워점,"서울 종로구 종로 51 (종로2가, 종로타워)",종로구,37.57079,126.98356,이디야
1125,창덕궁점,서울 종로구 돈화문로 41-1 (묘동),종로구,37.5741088,126.991447,이디야
1126,창신동점,서울 종로구 종로 316-1 (창신동),종로구,37.5745846,127.008896,이디야
1127,창신중앙점 ,서울 종로구 지봉로 64 (숭인동),종로구,37.5756904,127.0158154,이디야
1128,탑골공원점,서울 종로구 낙원동 ,종로구,37.57284569999999,126.9884126,이디야
1129,혜화동로터리점,서울 종로구 혜화로 3-1 (혜화동),종로구,37.5860305,127.0005638,이디야
1130,혜화역점,서울 종로구 창경궁로 258-15 (명륜2가),종로구,37.5846573,127.0002379,이디야
1131,IBK본점,"서울 중구 을지로 79 (을지로2가, 기업은행)",중구,37.56566979999999,126.9894519,이디야
1132,YTN점,서울 중구 세종대로1길 11 (봉래동1가),중구,37.5597113,126.9746181,이디야
1133,광희동점,서울 중구 마른내로 165-1 (광희동1가),중구,37.564787,127.006136,이디야
1134,다동점,서울 중구 다동길 46 (다동),중구,37.56782159999999,126.9817119,이디야
1135,동국대후문점,"서울 중구 창경궁로 2 (충무로5가, 남경빌딩)",중구,37.5624822,126.9986871,이디야
1136,동대문점,서울 중구 을지로43길 38 (을지로6가),중구,37.5676676,127.0077516,이디야
1137,동평화점,서울 중구 청계천로 318 (신당동),중구,37.5694218,127.0132185,이디야
1138,만리동고개점,"서울 중구 만리재로 175 (만리동2가, 서울역센트럴자이),402동 102호",중구,37.554538,126.9636814,이디야
1139,명동역점,서울 중구 퇴계로 103 (충무로1가),중구,37.5609432,126.9825464,이디야
1140,명동중앙점,"서울 중구 명동7길 21 (을지로2가, 명동아르누보센텀)",중구,37.5646918,126.9838429,이디야
1141,서소문점,서울 중구 서소문로11길 8 (서소문동),중구,37.5632228,126.973086,이디야
1142,서울시청점,"서울 중구 세종대로20길 23 (무교동, 원창빌딩)",중구,37.5671385,126.978497,이디야
1143,신당점,서울 중구 다산로35길 11 (신당동),중구,37.56351799999999,127.0148075,이디야
1144,신당중앙점,서울 중구 퇴계로 455 (황학동),중구,37.56744380000001,127.0198915,이디야
1145,약수역점,서울 중구 동호로 186-13 (신당동),중구,37.5545654,127.0114859,이디야
1146,오장동점,서울 중구 마른내로 109-1 (오장동),중구,37.5645748,127.0001136,이디야
1147,을지로3가점,서울 중구 수표로 45 (저동2가),중구,37.5634861,126.9902353,이디야
1148,정동점,서울 중구 정동길 2-1 (정동),중구,37.5679414,126.9693423,이디야
1149,중림점,서울 중구 청파로 464 (중림동),중구,37.5607773,126.9682129,이디야
1150,청구역점,서울 중구 다산로 181-2 (신당동),중구,37.5597511,127.0132283,이디야
1151,충무로3가점,서울 중구 퇴계로27길 31 (충무로3가),중구,37.56252509999999,126.9912341,이디야
1152,충무로점,서울 중구 퇴계로 188 (필동1가),중구,37.5609015,126.9924937,이디야
1153,충무아트홀점,서울 중구 퇴계로 381-1 (신당동),중구,37.5652402,127.0139856,이디야
1154,충무필동점,서울 중구 퇴계로 218-5 (필동2가),중구,37.561541,126.9936459,이디야
1155,충정로역점,"서울 중구 중림로 10 (중림동, 중림동 삼성 사이버 빌리지)",중구,37.5587312,126.9649372,이디야
1156,태평로점,서울 중구 세종대로11길 26 (서소문동),중구,37.5621115,126.9740103,이디야
1157,퇴계로2길점,서울 중구 퇴계로2길 1 (남창동),중구,37.5575233,126.9773972,이디야
1158,한국은행점,서울 중구 남대문로 29-2 (남대문로3가),중구,37.5619687,126.9803334,이디야
1159,황학롯데캐슬점,"서울 중구 청계천로 400 (황학동, 롯데캐슬베네치아)",중구,37.571596,127.022479,이디야
1160,회현SK리더스점,"서울 중구 퇴계로 72 (회현동1가, 리더스뷰남산)",중구,37.5592302,126.9806639,이디야
1161,강동고덕교차로점,"서울 강동구 고덕로 421 (강일동, 대한연세요양원)",강동구,37.55737130000001,127.1725399,이디야
1162,강동구청점,"서울 강동구 성내로6길 20 (성내동, 청일 베르네)",강동구,37.5288753,127.1222899,이디야
1163,강동성내점,서울 강동구 풍성로 162 (성내동),강동구,37.5304839,127.1298465,이디야
1164,강동신명초교점,"서울 강동구 명일로 260 (길동, 길동신동아아파트)",강동구,37.540617,127.149247,이디야
1165,강동역점,"서울 강동구 천호대로 1065 (천호동, 강동상떼빌)",강동구,37.5369841,127.1304589,이디야
1166,강일점,"서울 강동구 아리수로93길 19 (강일동, 임페리얼타워)",강동구,37.5665592,127.1737804,이디야
1167,고덕그라시움후문점,서울 강동구 동남로82길 121 (고덕동),강동구,37.5603577,127.1636874,이디야
1168,고덕래미안힐스점,"서울 강동구 아리수로50길 50 (고덕동, 래미안힐스테이트고덕)",강동구,37.5602282,127.1493354,이디야
1169,고덕점,"서울 강동구 동남로75길 19 (명일동, 명일빌딩)",강동구,37.5540951,127.1551471,이디야
1170,굽은다리역점,서울 강동구 양재대로 1543 (천호동),강동구,37.5434703,127.1418503,이디야
1171,길동사거리점,서울 강동구 천호대로 1132 (성내동),강동구,37.5302922,127.1287651,이디야
1172,길동역점,서울 강동구 양재대로 1471 (길동),강동구,37.5372792,127.1393753,이디야
1173,길동중앙점,서울 강동구 명일로 200 (길동),강동구,37.5365076,127.1459209,이디야
1174,둔촌점,서울 강동구 양재대로 1377 (성내동),강동구,37.5302922,127.1287651,이디야
1175,명일역점,"서울 강동구 구천면로 424 (명일동, 명일메가타운)",강동구,37.5503207,127.145546,이디야
1176,명일중앙점,"서울 강동구 상암로 210 (명일동, 명일현대종합상가)",강동구,37.5484567,127.1487867,이디야
1177,보훈병원점,"서울 강동구 명일로 110 (둔촌동, 둔촌동암펠로스타워)",강동구,37.5287091,127.1431767,이디야
1178,상일리엔파크점,"서울 강동구 상일로 74 (상일동, 고덕리엔파크3단지아파트)",강동구,37.5523456,127.175784,이디야
1179,암사3동점,"서울 강동구 고덕로 140 (암사동, 프라이어팰리스)",강동구,37.5534915,127.1390945,이디야
1180,암사역점,"서울 강동구 올림픽로 782 (암사동, 501타워)",강동구,37.5508357,127.1281014,이디야
1181,암사중앙점,"서울 강동구 암사길 50 (암사동, 제이빌더스)",강동구,37.5516267,127.1348226,이디야
1182,올림픽북문점,서울 강동구 성안로 7 (성내동),강동구,37.5244902,127.1288855,이디야
1183,천호로데오점,서울 강동구 천호대로 1027 (천호동),강동구,37.5381679,127.1262834,이디야
1184,천호역점,서울 강동구 천호대로 1006 (성내동),강동구,37.5302922,127.1287651,이디야
1185,천호중앙점,"서울 강동구 올림픽로 660 (천호동, 천호엘크루주상복합)",강동구,37.540115,127.1245713,이디야
1186,천호초교사거리점,"서울 강동구 구천면로 304 (천호동, 일주빌딩)",강동구,37.5474982,127.1305473,이디야
1187,천호현대점,서울 강동구 올림픽로 665 (천호동),강동구,37.5408846,127.1238516,이디야
1188,개봉북부점,서울 구로구 경인로40길 12 (개봉동),구로구,37.495564,126.8590429,이디야
1189,개봉역점,서울 구로구 남부순환로97길 11 (개봉동),구로구,37.4941792,126.8583787,이디야
1190,개봉중앙점,서울 구로구 개봉로3길 26 (개봉동),구로구,37.48641,126.8548809,이디야
1191,개봉현대점,서울 구로구 개봉로 69 (개봉동),구로구,37.4918637,126.8555982,이디야
1192,고대구로병원점,서울 구로구 구로동로 157 (구로동),구로구,37.492533,126.8833543,이디야
1193,고척사거리점,"서울 구로구 고척로 228-6 (고척동, 종만빌딩)",구로구,37.5057472,126.8582376,이디야
1194,고척스카이돔점,"서울 구로구 경인로 397 (고척동, 골든타워빌딩)",구로구,37.5011414,126.8625002,이디야
1195,구로NC점,서울 구로구 구로동로 240 (구로동),구로구,37.4999675,126.8826973,이디야
1196,구로거리공원점,서울 구로구 구로중앙로28길 73 (구로동),구로구,37.5007554,126.8893254,이디야
1197,구로고척점,"서울 구로구 고척로 149 (고척동, 상암빌딩)",구로구,37.50308649999999,126.850169,이디야
1198,구로궁동점,서울 구로구 오리로 1304 (궁동) 1층,구로구,37.5003075,126.8289067,이디야
1199,구로미성점,"서울 구로구 구로중앙로 228 (신도림동, 기임빌딩)",구로구,37.5060959,126.87662,이디야
1200,구로에이스점,서울 구로구 디지털로33길 11 (구로동),구로구,37.4856641,126.8955021,이디야
1201,구로역광장점,"서울 구로구 경인로 572 (구로동, 스타팰리스)",구로구,37.5034025,126.880915,이디야
1202,구로이마트점,서울 구로구 디지털로32길 43 (구로동),구로구,37.4843537,126.89788,이디야
1203,구로중앙점,서울 구로구 도림로 79 (구로동),구로구,37.4900511,126.8920236,이디야
1204,구로코레일점,"서울 구로구 구로중앙로 174 (구로동, 구로역)",구로구,37.5023699,126.8814842,이디야
1205,구로항동지구점,"서울 구로구 항동로3길 6 (항동, 가온 프라자)",구로구,37.486525,126.8252088,이디야
1206,구일역점,"서울 구로구 구일로 110 (구로동, 해원리버파크)",구로구,37.4950273,126.872004,이디야
1207,남구로역점,서울 구로구 디지털로27길 127 (가리봉동),구로구,37.4846716,126.8870975,이디야
1208,동양미래대학점,서울 구로구 경인로47길 14 (고척동),구로구,37.500202,126.8670179,이디야
1209,메르디앙고척점,"서울 구로구 중앙로8길 11 (고척동, 고척 월드메르디앙)",구로구,37.5028461,126.8632325,이디야
1210,성공회대점,서울 구로구 연동로 312 (항동),구로구,37.4872294,126.8242853,이디야
1211,신도림메르디앙점,"서울 구로구 신도림로 65 (신도림동, 신도림월드메르디앙오피스텔)",구로구,37.5095401,126.8820361,이디야
1212,신도림테크노마트점,서울 구로구 새말로 97 (구로동),구로구,37.5070431,126.8902185,이디야
1213,오류남부점,서울 구로구 오류로8길 65 (오류동),구로구,37.4926091,126.8437777,이디야
1214,오류북부역점,서울 구로구 경인로20길 6 (오류동),구로구,37.4966004,126.838513,이디야
1215,천왕이펜하우스점,서울 구로구 천왕로 36 (천왕동),구로구,37.4816349,126.8418958,이디야
1216,경희대점,서울 동대문구 경희대로 4 (회기동),동대문구,37.591867,127.0525122,이디야
1217,경희대캠퍼스점,"서울 동대문구 경희대로 26 (회기동, 경희대학교,경희초,중,고,여자중고등학교)",동대문구,37.5948937,127.0491562,이디야
1218,답십리사거리점,서울 동대문구 답십리로 145 (답십리동),동대문구,37.5730325,127.0561006,이디야
1219,답십리역점,서울 동대문구 천호대로 265 (답십리동),동대문구,37.56902609999999,127.0573024,이디야
1220,답십리파크자이점,"서울 동대문구 한천로 55 (답십리동, 영진빌딩)",동대문구,37.5714784,127.0577096,이디야
1221,동대문구청점,서울 동대문구 천호대로 153-1 (용두동),동대문구,37.5795817,127.0299297,이디야
1222,동부병원사거리점,서울 동대문구 무학로 104 (용두동),동대문구,37.5735046,127.0309651,이디야
1223,배봉초교사거리점,서울 동대문구 답십리로63길 131 (장안동),동대문구,37.5784698,127.069321,이디야
1224,서울시립대점,"서울 동대문구 서울시립대로 164 (전농동, 도석프라자)",동대문구,37.583249,127.0548191,이디야
1225,신설동역점,서울 동대문구 천호대로 11-3 (신설동),동대문구,37.5780881,127.027344,이디야
1226,외대점,서울 동대문구 휘경로 12 (이문동),동대문구,37.59582040000001,127.0612654,이디야
1227,용두동사거리점,서울 동대문구 왕산로 68 (용두동),동대문구,37.5757009,127.034989,이디야
1228,용두동점,서울 동대문구 고산자로 413-1 (용두동),동대문구,37.5766232,127.0379189,이디야
1229,이문점 ,서울 동대문구 신이문로 19 (이문동),동대문구,37.6031045,127.064235,이디야
1230,장안동사거리점,서울 동대문구 답십리로 309 (장안동),동대문구,37.572295,127.0748317,이디야
1231,장안동점,서울 동대문구 장한로 43 (장안동),동대문구,37.5650632,127.0666931,이디야
1232,장안중랑천점,서울 동대문구 장한로18길 32 (장안동),동대문구,37.5674947,127.0707583,이디야
1233,장안중앙점,서울 동대문구 사가정로25길 42 (장안동),동대문구,37.5806425,127.0709617,이디야
1234,장한평군자초교점,서울 동대문구 한천로2길 53 (장안동),동대문구,37.5627974,127.0613958,이디야
1235,전농뉴타운점,서울 동대문구 답십리로 77 (전농동),동대문구,37.5750329,127.0496055,이디야
1236,전농사거리점,서울 동대문구 사가정로 132 (전농동),동대문구,37.5775568,127.0595101,이디야
1237,청량리점,서울 동대문구 왕산로 225 (청량리동),동대문구,37.5832353,127.0447165,이디야
1238,촬영소사거리점,서울 동대문구 답십리로 264 (장안동),동대문구,37.5722268,127.0694723,이디야
1239,회기역점,"서울 동대문구 망우로 67 (휘경동, 효자 워너빌)",동대문구,37.5899254,127.0606026,이디야
1240,회기역중앙점,서울 동대문구 회기로 194-1 (휘경동),동대문구,37.5897957,127.0574889,이디야
1241,논골사거리점,서울 성동구 난계로 35 (금호동1가),성동구,37.5554834,127.0244633,이디야
1242,답십리로데오점,서울 성동구 용답19길 17-1 (용답동),성동구,37.5637339,127.052529,이디야
1243,뚝섬역점,서울 성동구 상원길 38-1 (성수동1가),성동구,37.5473256,127.048794,이디야
1244,마장동점,서울 성동구 고산자로 339-2 (마장동),성동구,37.5699814,127.0373421,이디야
1245,마장역점,서울 성동구 마장로 293-1 (마장동),성동구,37.5659109,127.0421543,이디야
1246,상왕십리역점,서울 성동구 무학봉15길 27 (하왕십리동),성동구,37.5636352,127.0301592,이디야
1247,서울숲역점,서울 성동구 왕십리로 96-1 (성수동1가),성동구,37.5391701,127.0474244,이디야
1248,성동구청점,서울 성동구 고산자로 269 (도선동),성동구,37.5632818,127.0328803,이디야
1249,성수2가점,서울 성동구 성덕정길 106 (성수동2가),성동구,37.5371206,127.0550961,이디야
1250,성수아카데미점,서울 성동구 성수이로 118 (성수동2가),성동구,37.5451437,127.0578284,이디야
1251,성수우리W타워점,서울 성동구 아차산로15길 19 (성수동2가),성동구,37.5447256,127.0621362,이디야
1252,성수중앙점,"서울 성동구 성수일로6길 47 (성수동2가, 현성빌딩)",성동구,37.5442438,127.0552721,이디야
1253,신금호역점,서울 성동구 금호산길 64 (금호동2가),성동구,37.5538555,127.0196077,이디야
1254,옥수동점,서울 성동구 매봉길 12 (옥수동),성동구,37.5452467,127.0156749,이디야
1255,옥수역점,서울 성동구 한림말5길 9 (옥수동),성동구,37.5419719,127.0167024,이디야
1256,왕십리비트플렉스점,서울 성동구 왕십리광장로 17 (행당동),성동구,37.5621482,127.0379421,이디야
1257,왕십리센트라스점,서울 성동구 무학로 22 (홍익동),성동구,37.5660457,127.0302943,이디야
1258,왕십리역점,서울 성동구 왕십리로 309 (행당동),성동구,37.5594078,127.0330515,이디야
1259,응봉동점,"서울 성동구 독서당로 381 (응봉동, 현대종합상가)",성동구,37.5509821,127.0309093,이디야
1260,장한평역점,서울 성동구 천호대로 426 (용답동),성동구,37.560746,127.0662025,이디야
1261,텐즈힐점,"서울 성동구 무학로 33 (하왕십리동, 텐즈힐)",성동구,37.5664459,127.030702,이디야
1262,한양대점,서울 성동구 사근동길 4 (행당동),성동구,37.5598989,127.0415624,이디야
1263,행당동점,서울 성동구 고산자로 201 (행당동),성동구,37.5580159,127.0337407,이디야
1264,IBK고객센터점,"서울 용산구 한남대로 72 (한남동, IBK기업은행고객센터)",용산구,37.5350224,127.0070392,이디야
1265,동부이촌동점,서울 용산구 이촌로77길 19 (이촌동),용산구,37.52040119999999,126.974878,이디야
1266,동자동점,서울 용산구 후암로 93 (동자동),용산구,37.5533136,126.975103,이디야
1267,삼각지점,서울 용산구 한강대로 138 (한강로2가),용산구,37.5304542,126.9695065,이디야
1268,숙대입구역점,서울 용산구 한강대로 289 (갈월동),용산구,37.5440208,126.9719508,이디야
1269,순천향병원점,서울 용산구 대사관로 72 ,용산구,37.5330587,127.0059327,이디야
1270,용문점,서울 용산구 원효로41길 73 (원효로2가),용산구,37.5353044,126.959382,이디야
1271,용산원효점,"서울 용산구 원효로 70 (원효로4가, 신정빌딩)",용산구,37.5342316,126.9526308,이디야
1272,용산중앙점,서울 용산구 한강대로 52-1 (한강로3가),용산구,37.5255891,126.9648264,이디야
1273,용산청파점,"서울 용산구 청파로71길 10 (청파동1가, 새마을금고)",용산구,37.54940759999999,126.9668779,이디야
1274,용산효창점,서울 용산구 효창원로66길 2 (효창동),용산구,37.5410418,126.9634863,이디야
1275,용산후암점,"서울 용산구 후암로 40-2 (후암동, 성원빌딩)",용산구,37.5494813,126.9776645,이디야
1276,원효로점,서울 용산구 원효로 257 (원효로1가),용산구,37.5399325,126.9674607,이디야
1277,이태원역점,서울 용산구 이태원로 176 (이태원동),용산구,37.5344441,126.990696,이디야
1278,금란망우점,서울 중랑구 망우로 460 (망우동),중랑구,37.6000681,127.1031213,이디야
1279,동원사거리점,"서울 중랑구 겸재로 240 (면목동, 행복오피스텔)",중랑구,37.589608,127.0941645,이디야
1280,망우동점,서울 중랑구 망우로 416 (망우동),중랑구,37.5991279,127.0983355,이디야
1281,망우중앙점,"서울 중랑구 용마산로115길 109 (망우동, 한일써너스빌리젠시2단지)",중랑구,37.5976442,127.0943462,이디야
1282,먹골역점,서울 중랑구 동일로157길 13 (묵동),중랑구,37.6097015,127.0768818,이디야
1283,면목경남아너스빌점,서울 중랑구 면목로27길 92 (면목동),중랑구,37.5742279,127.0805033,이디야
1284,면목본동점,서울 중랑구 면목로 370 (면목동),중랑구,37.5849094,127.0885874,이디야
1285,묵동자이점,"서울 중랑구 동일로 932 (묵동, 묵동자이아파트)",중랑구,37.613816,127.077513,이디야
1286,봉화산역점,서울 중랑구 신내로 211 (신내동),중랑구,37.6163947,127.0926039,이디야
1287,사가정아이파크점,"서울 중랑구 동일로92길 57 (면목동, 메디포레)",중랑구,37.5834599,127.0831625,이디야
1288,사가정역점,서울 중랑구 면목로 325 (면목동),중랑구,37.5810983,127.0881584,이디야
1289,상봉엠코점,"서울 중랑구 망우로 353 (상봉동, 상봉 프레미어스 엠코)",중랑구,37.598081,127.0905951,이디야
1290,상봉역점,서울 중랑구 망우로 277 (상봉동),중랑구,37.5960169,127.0834048,이디야
1291,상봉중앙점,서울 중랑구 망우로 316 (상봉동),중랑구,37.5964462,127.0875204,이디야
1292,서울중랑경찰서점,서울 중랑구 신내역로3길 40-11 (신내동),중랑구,37.6126681,127.1032127,이디야
1293,서울중화초등학교점,"서울 중랑구 신내로7가길 7 (신내동, 제이리옴)",중랑구,37.602308,127.0954454,이디야
1294,신내동점,서울 중랑구 봉화산로 215 (신내동),중랑구,37.6076181,127.0965284,이디야
1295,양원남부점,서울 중랑구 양원역로 25-10 (망우동),중랑구,37.6030497,127.107406,이디야
1296,양원역점,서울 중랑구 양원역로14가길 24 (망우동),중랑구,37.6016933,127.1083226,이디야
1297,용마산역점,서울 중랑구 면목로 254-1 (면목동),중랑구,37.5753971,127.0856773,이디야
1298,우림시장점,서울 중랑구 봉우재로 240 (망우동),중랑구,37.595272,127.0993536,이디야
1299,중랑교차로점,서울 중랑구 동일로 683 (면목동),중랑구,37.5913966,127.0798414,이디야
1300,중랑역점,서울 중랑구 망우로 198 (상봉동),중랑구,37.593212,127.0748661,이디야
1301,중화동점,서울 중랑구 동일로129길 1 (중화동),중랑구,37.5992928,127.0783484,이디야
1302,중화역점,"서울 중랑구 동일로 815, 1층",중랑구,37.6030917,127.0788763,이디야
1303,화랑대역점,"서울 중랑구 신내로25가길 2 (묵동, 현동학당)",중랑구,37.6194506,127.0841605,이디야
